Code,Species,CommonName,Family,Form,Syn
ABCO,Abies concolor,white fir,Pinaceae,TC,
ABGR,Abies grandis,grand fir,Pinaceae,TC,
ABLA,Abies lasiocarpa,silver fir,Pinaceae,TC,
ABMAS,Abies magnifica var. shastensis,Shasta fir,Pinaceae,TC,
ABPR,Abies procera,noble fir,Pinaceae,TC,
ACCI,Acer circinatum,vine maple,Sapindaceae,TB,
ACCO4,Aconitum columbianum,Columbia monkshood,Ranunculaceae,F,
ACGLD2,Acer glabrum var. douglasii,Douglas maple,Sapindaceae,TB,
ACLE8,Achnatherum lemmonii,Lemmon's needlegrass,Poaceae,GG,
ACMA3,Acer macrophyllum,big-leaf maple,Sapindaceae,TB,
ACMI2,Achillea millefolium,common yarrow,Asteraceae,F,
ACMO2,Achyrachaena mollis,blow wives,Asteracese,F,
ACOCC,Achnatherum occidentalis ssp. californicum,California needlegrass,Poaceae,GG,
ACOCP,Achnatherum occidentale ssp. pubescens,Elmer's needlegrass,Poaceae,GG,
ACPH2,Aconogonon phytolaccifolium,poke knotweed,Polygonaceae,F,Polygonum phytolaccifolium
ACRE3,Acroptilon repens,Russian knapweed,Asteraceae,F,Centaurea repens
ACRU2,Actaea rubra,baneberry,Ranunculaceae,F,
ACTR,Achlys triphylla,vanillaleaf,Berberidaceae,F,
ADAL,Adiantum aleuticum,maidenhair fern,Pteridaceae,FN,
ADBI,Adenocaulon bicolor,trail plant,Asteraceae,F,
ADJO,Adiantum jordanii,California maidenhair,Pteridaceae,FN,
AGST2,Agrostis stolonifera,spreading bentgrass,Poaceae,GG,Agrostis alba
AGAU2,Agoseris aurantiaca,orange agoseris,Asteraceae,F,
AGCA5,Agrostis capillaris,colonial bentgrass,Poaceae,GG,
AGEX,Agrostis exarata,spike bentgrass,Poaceae,GG,
AGGR,Agoseris grandiflora,large-flowered agoseris,Asteraceae,F,
AGHA2,Agrostis hallii,Hall's bentgrass,Poaceae,GG,
AGHE2,Agoseris heterophylla,woodland agoseris,Asteraceae,F,
AGOSE,Agoseris sp.,mtn. dandelion,Asteraceae,F,
AGPA8,Agrostis pallens,seashore bentgrass,Poaceae,GG,
AGRE,Agoseris retrorsa,spear-leaved agoseris,Asteraceae,F,
AGROS2,Agrostis sp.,bentgrass,Poaceae,GG,
PSSPS,Pseudoegneria spicata ssp. spicata,bluebunch wheatgrass,Poaceae,GG,
AGST2,Agrostis stolonifera,spreading bentgrass,Poaceae,GG,
AGCA5,Agrostis capillaris,colonial bentgrass,Poaceae,GG,Agrostis tenuis
AGUR,Agastache urticifolia,nettleleaf horsemint,Lamiaceae,F,
AGVA,Agrostis variabilis,bentgrass,Poaceae,GG,
AICA,Aira caryophyllea,silver hairgrass,Poaceae,GG,
ALAC4,Allium acuminatum,Hooker's onion,Amaryllidaceae,F,
ALAL3,Alyssum alyssoides,small alyssum,Brassicaceae,F,
ALAM2,Allium amplectens,paper onion,Amaryllidaceae,F,
ALBOB,Allium bolanderi var. bolanderi,Bolander's onion,Amaryllidaceae,F,
ALBOM,Allium bolanderi var. mirabile,McNeal's onion,Amaryllidaceae,F,
ALCA2,Allium campanulatum,Sierra onion,Amaryllidaceae,F,
ALFA3,Allium falcifolium,sickleleaf onion,Amaryllidaceae,F,
ALINT,Alnus incana ssp. tenuifolia,Sitka alder,Betulaceae,TB,
ALLIU,Allium sp.,onion species,Amaryllidaceae,F,
ALPA3,Allium parvum,small onion,Amaryllidaceae,F,
ALPR3,Alopecurus pratensis,meadow foxtail,Poaceae,GG,
ALRH2,Alnus rhombifolia,white alder,Betulaceae,TB,
ALRU2,Alnus rubra,red alder,Betulaceae,TB,
ALVA,Allium validum,swamp onion,Amaryllidaceae,F,
ALVI2,Allotropa virgata,candystick,Ericaceae,F,
AMAL2,Amelanchier alnifolia,western serviceberry,Rosaceae,S,
AMMEI2,Amsinckia menziesii var. intermedia,fireweed fiddleneck,Boraginaceae,F,Amsinckia intermedia
AMMEI2,Amsinckia menziesii var. intermedia,fireweed fiddleneck,Boraginaceae,F,Amsinckia intermedia
AMUT,Amelanchier utahensis,Utah serviceberry,Rosaceae,S,
ANAR,Anagallis arvensis,acarlet pimpernel,Primulaceae,F,
ANAR3,Angelica arguta,sharptooth angelica,Apiaceae,F,
ANAR5,Antennaria argentea,silver pussytoes,Asteraceae,F,
ANCA14,Anthriscus caucalis,bur-chervil,Apiaceae,F,
ANCO2,Anthemis cotula,dog fennel,Asteraceae,F,
ANDE3,Anemone deltoidea,threeleaf anemone,Ranunculaceae,F,
ANDI2,Antennaria dimorpha,low pussytoes,Asteraceae,F,
ANDR,Anemone drummondii,Drummond's anemone,Ranunculaceae,F,
ANFI3,Ancistrocarphus filagineus,false netstraw,Asteraceae,F,
ANGE2,Angelica genuflexa,reflexed angelica,Apiaceae,F,
ANHO,Antennaria howellii,field pussy-toes,Asteraceae,F,Antennaria neglecta
ANLY,Anemone lyallii,Lyall's anemone,Ranunculaceae,F,
ANMA,Anaphalis margaritacea,pearly-everlasting,Asteraceae,F,
ANMA26,Anisocarpus madioides,woodland tarweed,Asteraceae,F,Madia madioides
ANHO,Antennaria howellii,field pussy-toes,Asteraceae,F,Antennaria neglecta
ANOC3,Anticlea occidentale,western stenanthium,Melanthiaceae,F,Stenanthium occidentale
ANOD,Anthoxanthum odoratum,sweet vernal grass,Poaceae,GG,
ANOR,Anemone oregana,Oregon anemone,Ranunculaceae,F,
ANRA,Antennaria racemosa,raceme pussy-toes,Asteraceae,F,
ANRO2,Antennaria rosea,rosy everlasting,Asteraceae,F,
ANSU3,Antennaria suffrutescens,evergreen everlasting,Asteraceae,F,
ANTEN,Antennaria sp.,pusseytoes,Asteraceae,F,
APAN2,Apocynum androsaemifolium,spreading dogbane,Apocynaceae,F,
APCA,Apocynum cannabinum,indian hemp,Apocynaceae,F,
APOC,Aphanes occidentalis,western lady's mantle,Rosaceae,F,
AQFO,Aquilegia formosa,Sitka columbine,Ranunculaceae,F,
ARCA3,Arceuthobium campylopodum,western dwarf mistletoe,Santalaceae,F,Arceuthobium abietinum
ARAC4,Arabis aculeolata,Waldo rock cress,Brassicaceae,F,
BOBRB,Boechera breweri ssp. breweri,Brewers rock cress,Brassicaceae,F,Arabis breweri
ARCA2,Aralia californica,California spikenard,Araliaceae,F,
ARCA3,Arceuthobium campylopodum,western dwarf mistletoe,Santalaceae,F,Arceuthobium abietinum
ARCA5,Arctostaphylos canescens,hoary manzanita,Ericaceae,S,
ARCE,Arnica cernua,nodding arnica,Asteraceae,F,
ARCO3,Arctostaphylos columbiana,Columbia River manzanita,Ericaceae,S,
ERCOC13,Eremogone congesta var. congesta,dense-flowered sandwort,Caryophyllaceae,F,Arenaria congesta
ARCO9,Arnica cordifolia,heartleaf arnica,Asteraceae,F,
ARDI6,Arnica discoidea,discoid arnica,Asteraceae,F,
ARDIA,Aruncus dioicus var. acuminatus,goatsbeard,Rosaceae,F,Aruncus sylvester
ARDO,Arceuthobium douglasii,dwarf mistletoe,Santalaceae,F,
ARDO3,Artemisia douglasiana,mugwort,Asteraceae,F,
ARDR,Boechera stricta,Drummond's rock cress,Brasicaceae,F,Arabis drummondii
AREL3,Arrhenatherum elatius,tall or false oatgrass,Poaceae,GG,
ARGL,Turritis glabra,tower mustard,Brassicaceae,F,Arabis glabra
ARGL3,Arctostaphylos glandulosa,Eastwood's manzanita,Ericaceae,S,
ARHI5,Arctostaphylos hispidula,Gasquet manzanita,Ericaceae,S,
BOPI?,Boechera pinetorum,Holboell's rock cress,Brassicaceae,F,Arabis holboellii
BOKO?,Boechera koehleri ,Koehler's rock cress,Brassicaceae,F,Arabis koehleri stipitata
ARLA8,Arnica latifolia,mountain arnica,Asteraceae,F,
ARLO6,Arnica longifolia,long-leaved arnica,Asteraceae,F,
ARME,Arbutus menziesii,Pacific madrone,Ericaceae,F,
ARMI2,Arctium minus ,lesser burdock,Asteraceae,F,
ARMO4,Arnica mollis,soft arnica,Asteraceae,F,
ARMO,Arabis modesta,Rogue Canyon rock cress,Brassicaceae,F,
ARNE,Arctostaphylos nevadensis,pinemat manzanita,Ericaceae,S,
AROR,Arabis oregana,Oregon rock cress,Brasicaceae,F,
ARPA6,Arctostaphylos patula,greenleaf manzanita,Ericaceae,S,
BOHO?,Boechera howellii,flat-pod rock cress,Brassicaceae,F,Arabis platysperma
ARRE,Boechera rectissima,Recter's rock cress,Brassicaceae,F,Arabis rectissima
ARSE2,Arenaria serpyllifolia,thyme-leaved sandwort,Caryophyllaceae,F,
BOPA?,Boechera pauciflora,hairystem rock cress,Brassicaceae,F,Arabis sparsiflora
ARSP4,Arnica spathulata,spatulate arnica,Asteraceae,F,
BOSU?,Boechera subpinnatifida,ashy rock cress,Brassicaceae,F,Arabis subpinnatifida
ARDIA,Aruncus dioicus var. acuminatus,goatsbeard,Rosaceae,F,Aruncus sylvester
ARTH,Arabidopsis thaliana,mouseear cress,Brassicaceae,F,
ARUV,Arctostaphylos uva-ursi,kinnikinnik,Ericaceae,S,
ARVI4,Arctostaphylos viscida,whiteleaf manzanita,Ericaceae,S,
ASACA2,Astragalus accidens ssp. accidens,thicket milk-vetch,Fabaceae,F,
ASACH,Astragalus accidens ssp. hendersonii,Applegate milk-vetch,Fabaceae,F,
EUBR12,Eucephalus breweri,Brewer's aster,Asteraceae,F,Aster breweri
EUTO4,Eucephalus tomentellus,rayless aster,Asteraceae,F,Aster brickellioides
ASCA2,Asarum caudatum,western wild ginger,Aristolochiaceae,F,
ASCA50,Asarum caudatum var. nov,white-flowered ginger,Aristolochiaceae,F,
ASCO,Asclepias cordifolia,purple milkweed,Apocynaceae,F,
ASDE6,Aspidotis densa,rock fern,Ptericaceae,FN,
ASFA,Asclepias fascicularis,narrow-leaved milkweed,Apocynaceae,F,
ASFI,Astragalus filiipes,basalt milkvetch,Fabaceae,F,
ASGA,Astragalus gambelianus,Gambel milk-vetch,Fabaceae,F,
ASHA,Asarum hartwegii,marbled wild ginger,Aristolochiaceae,F,misapplied
EULE14,Eucephalus ledophyllus,Cascade aster,Asteraceae,F,Aster ledophyllus
ASMA8,Asarum marmoratum,marbled wild ginger,Aristolochiaceae,F,
CAMO32,Canadanthus modestus,giant mountain aster,Asteraceae,F,Aster modestus
SYSP,Symphyotrichum spathulatum,western mountain aster,Asteraceae,F,Aster occidentalis
SEOR6,Sericocarpus oregonensis,Oregon aster,Asteraceae,F,Aster oregonensis
ASPUT,Astragalus purshii var. tinctus,woolypod milkvetch,Fabaceae,F,
EURA10,Eurbia radulina,rough-leaved aster,Asteraceae,F,Aster radulinus
ASSP,Asclepias speciosa,showy milkweed,Apocynaceae,F,
ASTRA,Astragalus sp.,milk-vetch species,Fabaceae,F,
ASUM3,Astragalus umbraticus,woodland milk-vetch,Fabaceae,F,
ASWA6,Asarum wagneri,Wagner's wild ginger,Aristolochiaceae,F,
ATFI,Athyrium filix-femina,lady fern,Woodsiaceae,FN,
ATPU,Athysanus pusillus,sandweed,Brassicaceae,F,
AVFA,Avena fatua,wild oats,Poaceae,GG,
AVST,Avena sativa,wild oat,Poacae,GG,
AZME,Azolla mexicana,water meal,Salviniaceae,F,
BADE2,Balsamorhiza deltoidea,deltoid balsamroot,Asteraceae,F,
BAOR,Barbarea orthoceras,American winter cress,Brassicaceae,F,
BAPI,Baccharis pilularis,coyote brush,Asteraceae,S,
BASE4,Balsamorhiza sericea,silky balsamroot,Asteraceae,F,
BEAQ,Berberis aquilfolium,tall Oregongrape,Berberidaceae,S,
BENE2,Berberis nervosa,dwarf Oregongrape,Berberidaceae,S,
BEOR,Bensoniella oregona,Oregon bensoniella,Saxifragaceae,F,
BEPE2,Bellis perenis,lawndaisy,Asteraceae,F,
BEPI2,Berberis piperiana,Piper's Oregongrape,Berberidaceae,S,
BEPU,Berberis pumila,pygmy Oregongrape,Berberidaceae,S,
BERE,Berberis repens,creeping Oregongrape,Berberidaceae,S,
BIBI?,Bistorta bistortoides,American knotweed,Polygonaceae,F,Polygonum bistortoides
BIFR,Bidens frondosa,sticktight,Asteraceae,F,
BLSC,Blepharipappus scaber,blepharipappus,Asteraceae,F,
BLSP,Blechnum spicant,deer fern,Blechnaceae,FN,
BOBRB,Boechera breweri ssp. breweri,Brewers rock cress,Brassicaceae,F,Arabis breweri
BOOC2,Boykinia occidentalis,slender boykinia,Saxifragaceae,F,Boykinia elata
BOFL3,Bolboschoenus fluviatilis,river bulrush,Cyperaceae,GS,Scirpus fluviatilis
BOHO?,Boechera howellii,flat-pod rock cress,Brassicaceae,F,Arabis platysperma
KOHO?,Kopsiopsis hookeri,small groundcone,Orobanchaceae,F,Boschniakia hookeri
BOKO?,Boechera koehleri ,Koehler's rock cress,Brassicaceae,F,Arabis koehleri stipitata
BOMA3,Boykinia major,mountain boykinia,Saxifragaceae,F,
SCMU?,Sceptridium multifidum,meadow moonwort,Ophioglossaceae,FN,Botrychium multifidum
BOOC2,Boykinia occidentalis,slender boykinia,Saxifragaceae,F,Boykinia elata
BOPA?,Boechera pauciflora,hairystem rock cress,Brassicaceae,F,Arabis sparsiflora
BOPE?,Boechera pendulacarpa,dropseed rock cress,Brassicaceae,F,
BOPI?,Boechera pinetorum,Holboell's rock cress,Brassicaceae,F,Arabis holboellii var. pinetorum
BORE6,Boechera retrofracta,second rock cress,Brassicaceae,F,
BORE?,Boechera rectissima,Recter's rock cress,Brassicaceae,F,Arabis rectissima
BOSP?,Boechera sparsiflora,sickle-pod rock cress,Brassicaceae,F,Arabis sparsiflora
BOST4,Boechera stricta,Drummond's rock cress,Brasicaceae,F,Arabis drummondii
KOST?,Kopsiopsis strobilacea,California groundcone,Orobanchaceae,F,Boschniakia strobilacea
BOSU?,Boechera subpinnatifida,ashy rock cress,Brassicaceae,F,Arabis subpinnatifida
BRASS2,Brassica sp.,mustard species,Brassicaceae,F,
BRCAM?,Bromus carinatus var. marginatus,narrow-leaved brome,Poaceae,GG,Bromus breviaristatus
BRCA4,Brodiaea californica,California brodiaea,Asparagaceae,F,
BRCA5,Bromus carinatus var. carinatus,California brome,Poaceae,GG,
BRCAM?,Bromus carinatus var. marginatus,narrow-leaved brome,Poaceae,GG,Bromus breviaristatus
BRCO3,Brodiaea coronaria,harvest brodiaea,Asparagaceae,F,
BRDI3,Bromus diandrus,ripgut brome,Poaceae,GG,
BREL,Brodiaea elegans,elegant brodiaea,Asparagaceae,F,
BRHO2,Bromus hordeaceus,soft brome,Poaceae,GG,
BRJA,Bromus japonicus,Japanese brome,Poaceae,GG,
BRLA3,Bromus laevipes,woodland brome,Poaceae,GG,
BRMA,Briza maxima,large quaking-grass,Poaceae,GG,
BRRU2,Bromus rubens,red brome,Poaceae,GG,Bromus madritensis ssp. rubens
BRMI2,Briza minor,small quaking-grass,Poaceae,GG,
BRPA3,Bromus pacificus,pacific brome,Poaceae,GG,
BRDI3,Bromus diandrus,ripgut brome,Poaceae,GG,Bromus rigidus
BRRU2,Bromus rubens,red brome,Poaceae,GG,Bromus madritensis ssp. rubens
BRSE,Bromus secalinus,rye brome,Poaceae,GG,
BRST2,Bromus sterilis,povety brome,Poaceae,GG,
BRSU2,Bromus suksdorfii,Sulsdorf's brome,Poaceae,GG,
BRTE,Bromus tectorum,cheat grass,Poaceae,GG,
BRVU,Bromus vulgaris,Columbia brome,Poaceae,GG,
CAAM10,Carex amplifolia,large-leaved sedge,Cyperaceae,GS,
CAAP4,Castilleja applegatei,Applegates's paintbrush,Orobancaceae,F,
CAAQ,Carex aquatilis,water sedge,Cyperaceae,GS,
CAAQA,Carex aquatilis var. aquatilis,water sedge,Cyperaceae,GS,
CAAQD,Carex aquatilis var. dives,Sitka sedge,Cyperaceae,GS,
CAAR11,Castilleja arachnoidea,cotton paintbrush,Orobancaceae,F,
CAAT25,Castilleja attenuata,attenuate Indian paintbrush,Orobancaceae,F,
CAAT3,Carex athrostachya,longbract sedge,Cyperaceae,GS,
CAAU3,Carex aurea,golden sedge,Cyperaceae,GS,
CABA30,Callitropis bakeri,Baker's cypress,Cupressaceae,TC,Cupressus bakeri
CABO2,Carex bolanderi,Bolander's sedge,Cyperaceae,GS,
CABR17,Castilleja brevilobata,short-lobed paintbrush,Orobancaceae,F,
CABU,Calypso bulbosa,fairy slipper,Orchidaceae,F,
CABU2,Capsella bursa-pastoris,shepherd's purse,Brassicaceae,F,
CACA4,Calamagrostis canadensis,bluejoint reedgrass,Poaceae,GG,
CACO11,Carex concinnoides,northwestern sedge,Cyperaceae,GS,
CACO34,Camissonia contorta,slender evening primrose,Onagraceae,F,
CACU5,Carex cusickii,Cusick's sedge,Cyperaceae,GS,
CADE8,Carex densa,dense flowered sedge,Cyperaceae,GS,
CADE27,Calocedrus decurrens,incense cedar,Cupressaceae,TC,
CAECE,Carex echinata ssp. echinata,western stellate sedge,Cyperaceae,GS,
CAEL,Calochortus elegans,northwest mariposa,Liliaceae,F,
CAEL10,Castilleja elata,Siskiyou Indian paintbrush,Orobancaceae,F,Castilleja miniata ssp. elata
CAEX5,Carex exsiccata,western inflated sedge,Cyperaceae,GS,
CAFÉ4,Carex feta,greensheath edge,Cyperaceae,GS,
CAFR2,Carex fracta,fragile-sheath sedge,Cyperaceae,GS,
CAGE2,Carex geyeri,elk sedge,Cyperaceae,GS,
CASC14,Carex scabriuscula,Siskiyou sedge,Cyperaceae,GS,Carex gigas
CAGR,Calochortus greenei,Green's mariposa,Liliaceae,F,
TEGR?,Tetrapteron graciliflora,hill sun cup,Onagraceae,F,Camissonia graciliflora
CAGY3,Carex gynodynama,Olney's hairy sedge,Cyperaceae,GS,
CAHA5,Carex hassei,salt sedge,Cyperaceae,GS,
CAHE3,Callitriche heterophylla,large water starwort,Plantaginaceae,F,
CAHE7,Carex hendersonii,Henderson's sedge,Cyperaceae,GS,
CAHO11,Calochortus howellii,Howell's mariposa,Liliaceae,F,
CAHO12,Camassia howellii,Howell's camas,Asparagaceae,F,
CAHO5,Carex hoodii,Hood's sedge,Cyperaceae,GS,
CAIN?,Carex inferminervia,weak-veined sedge,Cyperaceae,GS,
CAIN11,Carex interior,interior sedge,Cyperaceae,GS,
CAINI3,Carex inops ssp. inops,long-stoloned sedge,Cyperaceae,GS,
CAJO,Carex jonesii,Jone's sedge,Cyperaceae,GS,
CAKL,Carex klamathensis,Klamath sedge,Cyperaceae,GS,
CAKO,Calamagrostis koelerioides,Koeler's calamagrostis,Poaceae,GG,
CALA13,Carex laeviculmis,smoothstem sedge,Cyperaceae,GS,
CALE24,Carex leptopoda,short-scaled sedge,Cyperaceae,GS,
CALE5,Camassia leichtlinii,large camas,Asparagaceae,F,
CALE4,Caltha leptosepala,white marsh marigold,Ranunculaceae,F,
CALEL3,Carex lenticularis var. lipocarpa,Kellogg's sedge,Cyperaceae,GS,
CALI,Carex livida,livid or pale sedge,Cyperaceae,GS,
CALU7,Carex luzulina,luzula-like sedge,Cyperaceae,GS,
CAMA,Callitriche marginata,winged water starwort,Plantaginaceae,F,
CAME5,Carex mendocinensis,Mendocino sedge,Cyperaceae,GS,
CAMI7,Carex microptera,narrow-winged sedge,Cyperaceae,GS,
CAEL10,Castilleja elata,Siskiyou Indian paintbrush,Orobancaceae,F,Castilleja miniata ssp. elata
CAMIM,Castilleja miniata var. miniata,slender paintbrush,Orobancaceae,F,
CAMO32,Canadanthus modestus,giant mountain aster,Asteraceae,F,Aster modestus
CAMU5,Carex multicaulis,many-stemmed sedge,Cyperaceae,GS,
CAPA58,Carex pachycarpa,thick-fruited sedge,Cyperaceae,GS,Carex multicostata
CANA5,Cacaliopsis nardosmia,cutleaf luina,Asteraceae,F,
CANE2,Carex nebrascensis,Nebraska sedge,Cyperaceae,GS,
CANU,Calamagrostis nutkaensis,nootka reedgrass,Poaceae,GG,
CANUN2,Cardamine nuttallii var. nuttallii,Colville's toothwort,Brassicaceae,F,Cardamine nuttallii var. covilleana
CANUN2,Cardamine nuttallii var. nuttallii,dissected toothwort,Brassicaceae,F,Cardamine nuttallii var. dissecta
CANUG,Cardamine nuttallii var. gemmata,purple toothwort,Brassicaceae,F,
CANUN2,Cardamine nuttallii var. nuttallii,slender toothwort,Brassicaceae,F,
CAOB3,Carex obnupta,slough sedge,Cyperaceae,GS,
CAOC6,Calystegia occidentalis ssp. occidentalis,morning glory,Convulvulaceae,F,
CAOL,Cardamine oligosperma,western bittercress,Brassicaceae,F,
CAPA14,Carex pachystachya,,Cyperaceae,GS,
CAPA58,Carex pachycarpa,thick-fruited sedge,Cyperaceae,GS,Carex multicostata
CAINI3,Carex inops ssp. inops,long-stoloned sedge,Cyperaceae,GS,Carex pensylvanica 
CAPE42,Carex pellita,wooly sedge,Cyperaceae,GS,
CAPR14,Castilleja pruinosa,frosted paintbrush,Orobancaceae,F,
CAPR15,Campanula prenanthoides,California harebell,Campanulaceae,F,
CAPR5,Carex praegracilis,clustered field sedge,Cyperaceae,GS,
CAQUB2,Camassia quamash ssp. breviflora,small flowered camas,Asparagaceae,F,
CAQUQ,Camassia quamash ssp. quamash,common camas,Asparagaceae,F,
CAQUW,Camassia quamash ssp. walpolei,Walpole's small camas,Asparagaceae,F,
CAREX,Carex sp.,sedge species,Cyperaceae,GS,
CARO5,Carex rossii,Ross sedge,Cyperaceae,GS,
CASC7,Campanula scouleri,Scouler's harebell,Campanulaceae,F,
CASC14,Carex scabriuscula,Siskiyou sedge,Cyperaceae,GS,Carex gigas
CASE2,Carex serratodens,two-tooth sedge,Cyperaceae,GS,
CASE50,Carex serpentinicola,serpentine sedge,Cyperaceae,GS,
CAAQD,Carex aquatilis var. dives,Sitka sedge,Cyperaceae,GS,Carex sitchensis
CAST5,Carex stipata,sawbeak sedge,Cyperaceae,GS,
CASU6,Carex subfusca,pale broom sedge,Cyperaceae,GS,
CATE26,Castilleja tenuis,hairy owl clover,Orobancaceae,F,
CATO,Calochortus tolmiei,Tolmie's mariposa,Liliaceae,F,
CATR,Callitriche trochlearis,effluent water starwort,Plantaginaceae,F,
CAUM2,Calyptridium umbellatum,pussypaws,Montiaceae,F,
CAUM5,Calochortus umpquaensis,Umpqua mariposa,Liliaceae,F,
CAUN,Calochortus uniflorus,Monterey mariposa,Liliaceae,F,
CAUT,Carex utriculata,beaked sedge,Cyperaceae,GS,
CAVE6,Carex vesicaria,inflated sedge,Cyperaceae,GS,
CEAR4,Cerastium arvense,field chickweed,Caryophyllaceae,F,
CEAU,Cephalanthera austinae,phantom orchid,Orchidaceae,F,
CEBE3,Cercocarpus betuloides,birchleaf montain-mahogany,Rosaceae,S,
CECO,Ceanothus cordulatus,whitethorn,Rhamnaceae,S,
CECU,Ceanothus cuneatus,"buckbrush" or "wedgeleaf",Rhamnaceae,S,
CECY2,Centaurea cyanus,bachelors button,Asteraceae,F,
CEDE5,Centaurea debauxii,meadow knapweed,Asteraceae,F,
CEDI3,Centaurea diffusa,diffuse knapweed,Asteraceae,F,
CEER5,Centaurium erythraea,European centaury,Gentianaceae,F,Centaurium umbellatum
CEFI2,Centromadia fitchii,Fitch's spikeweed,Asteraceae,F,Hemizonia fitchii
CEFOV2,Cerastium fontanum ssp. vulgare,common mouse ear,Caryophyllaceae,F,
CEGL2,Cerastium glomeratum,sticky mouse ear,Caryophyllaceae,F,
CEIN3,Ceanothus integerrimus,"deerbrush" or "wild lilac",Rhamnaceae,S,
CELE3,Cercocarpus ledifolius,curlleaf mountain-mahogany,Rosaceae,TB,
CEMA4,Centaurea maculosa ,spotted knapweed,Asteraceae,F,
CEME2,Centaurea meletensis,Maltese star thistle,Asteraceae,F,
ZEMU?,Zeltnera muehlenbergii,Muehlenberg's centaury,Gentianaceae,F,Centaurium muehlenbergii
CENI3,Centaurea nigrescens,short fringed knapweed,Asteraceae,F,
CENTA,Centaurea sp.,knapweed species,Asteraceae,F,
CEPR,Ceanothus prostratus,squaw carpet,Rhamnaceae,S,
CENI3,Centaurea nigrescens,short fringed knapweed,Asteraceae,F,
CEPU,Ceanothus pumilus,dwarf ceanothus,Rhamnaceae,S,
CERAST,Cerastium sp.,Caryophyllaceae,Caryophyllaceae,F,
ACRE3,Acroptilon repens,Russian knapweed,Asteraceae,F,Centaurea repens
CESA,Ceanothus sanguineus,redstem ceanothus,Rhamnaceae,S,
CESO3,Centaurea solstitialis,yellow star thistle,Asteraceae,F,
CEER5,Centaurium erythraea,European centaury,Gentianaceae,F,Centaurium umbellatum
CEVE,Ceanothus velutinus,"slickleaf" or "snowbrush",Rhamnaceae,S,
CHAN2,Chlorogalum angustifolium,narrow-leaved amole,Asparagaceae,F,
CHAN9,Chamerion angustifolium,fireweed,Onagraceae,F,Epilobium angustifolium
CHCH7,Chrysolepis chrysophylla,Golden chinquapin,Fagaceae,F,
CHDO,Chaenactis douglasii,dusty maiden,Asteraceae,F,
CHGR,Cheilanthes gracillima,lace fern,Pteridaceae,F,
CHJU,Chondrilla juncea,rush skeletonweed,Asteraceae,F,
CHLA,Chamaecyparis lawsoniana,Port Orford cedar,Cupressaceae,TC,Cupressus lawsoniana
CHLA13,Chamerion latifolium,dwarf fireweed,Onagraceae,F,Epilobium latifolium
CHME,Chimaphila menziesii,little prince's-pine,Ericaceae,F,
ERNA10,Ericameria nauseosus,common rabbit-brush,Asteraceae,F,Chrysothamnus nauseosus
CHPO3,Chlorogalum pomeridianum,wavy-leaf soap plant,Asparagaceae,F,
CHPOSN,Chlorogalum pomeridianum ssp. nov.,unnamed chlorogalum,Asparagaceae,F,
CHSE6,Chamaesyce serpyllifolia,thymefeaf sandmat,Euphorbiaceae,F,
CHSE11,Chrysolepus sempervirens,bush chinquapin,Fagaceae,TB,
CHUMO2,Chimaphila umbellata var. occidentalis,common prince's-pine,Ericaceae,F,
CHVI8,Chrysothamus viscidiflorus,green rabbit-brush,Asteraceae,F,
CHVU3,Leucanthemum vulgare,ox eye daisy,Asteraceae,F,Chrysanthemum vulgare
CIALP2,Circaea alpina ssp. pacifica,Enchanter's nightshade,Onagraceae,F,
CIAR4,Cirsium arvense,Canadian thistle,Asteraceae,F,
CIBR2,Cirsium brevistylum,Indian thistle,Asteraceae,F,
CICI,Cirsium ciliolatum,Ashland thistle,Asteraceae,F,
CICY,Cirsium cymosum,peregrine thistle,Asteraceae,F,
CIDO,Cicuta douglasii,Douglas's water hemlock,Apiaceae,F,
CIED,Cirsium edule ,edible thistle,Asteraceae,F,
CIEL,Cimicifuga elata,tall bugbane,Ranunculaceae,F,
CIIN,Cichorium intybus,chicory,Asteraceae,F,
CILA2,Cinna latifolia,,Poaceae,GG,
CIOC,Cirsium occidentale,cobweb or snowy thistle,Asteraceae,F,
CIRE,Cirsium remotifolium,wead thistle,Asteraceae,F,
CIRSI,Cirsium sp.,thistle species,Asteraceae,F,
CIVU,Cirsium vulgare,bull thistle,Asteraceae,F,
CLAM,Clarkia amoena,farewell-to-spring,Onagraceae,F,
CLARK,Clarkia sp.,clarkia species,Onagraceae,F,
CLCO3,Claytonia cordifolia,broad-leaved claytonia,Montiaceae,F,
CLEXE2,Claytonia exigua ssp. exigua,pale claytonia,Montiaceae,F,
CLGR,Clarkia gracilis,slender clarkia,Onagraceae,F,
CLHE4,Clarkia heterandra,California gaura,Onagraceae,F,
CLLA2,Claytonia lanceolata,western spring beauty,Montiaceae,F,
CLLI2,Clematis ligusticifolia,western clematis,Ranunculaceae,V,
CLPA5,Claytonia parviflora,streambank spring beauty,Montiaceae,F,
CLPE,Claytonia perfoliata,miner's lettuce,Montiaceae,F,
CLPUQ,Clarkia purpurea ssp. quadrivulnera,winecup clarkia,Onagraceae,F,
CLRH,Clarkia rhomboidea,tongue clarkia,Onagraceae,F,
CLRUD,Claytonia rubra ssp. depressa,depressed miner's lettuce,Montiaceae,F,
CLRUR,Claytonia rubra ssp. rubra,red miner's lettuce,Montiaceae,F,
CLSI2,Claytonia sibirica,candy flower,Montiaceae,F,
CLUN2,Clintonia uniflora,queen's cup,Liliaceae,F,
COBO,Conyza bonariensis,hairy fleabane,Asteraceae,F,
COUN,Cornus unalaskensis,bunchberry,Cornaceae,F,Cornus canadensis
COCA5,Conyza canadensis,horseweed,Asteraceae,F,
COCOC,Corylus cornuta var. californica,California hazel,Betulaceae,S,
COGL3,Cornus glabrata,smooth dogwood,Cornaceae,F,
COGR2,Collinsia grandiflora,large-flowered blue-eyed Mary,Plantaginaceae,F,
COGR3,Collinsia greenei,Green's blue-eyed Mary,Plantaginaceae,F,
COGR4,Collomia grandiflora,grand collomia,Polemoniaceae,F,
COHE2,Collomia heterophylla,varied-leaved collomia,Polemoniaceae,F,
COLA3,Coptis laciniata,cutleaf goldthread,Ranunculaceae,F,
COLA?,Collinsia latifolia,Torrey's blue eyed mary,Plantaginaceae,F,Collinsia torreyi var. latifolia
COLI,Collinsia linearis,narrow-leaved blue-eyed Mary,Plantaginaceae,F,
COLI2,Collomia linearis,narrow-leaved collomia,Polemoniaceae,F,
COMA4,Corallorhiza maculata,spotted coralroot,Orchidaceae,F,
COMA2,Conium maculatum,poison hemlock,Apiaceae,F,
COME4,Corallorhiza mertensiana,Pacific coralroot,Orchidaceae,F,
CONU4,Cornus nuttallii,Pacific dogwood,Cornaceae,TB,
COPA,Collinsia parviflora,small-flowered blue-eyed Mary,Plantaginaceae,F,
CORA2,Collinsia rattanii,Rattan blue-eyed Mary,Plantaginaceae,F,
CORAL,Corallorhiza sp.,coralroot,Orchidaceae,F,
COSE16,Cornus sericea,red osier dogwood,Cornaceae,S,
COSEO,Cornus sericea ssp. occidentalis,creek dogwood,Cornaceae,S,
COSES,Cornus sericea ssp. sericea,red osier dogwood,Cornaceae,S,
COSP,Collinsia sparsiflora,few-flowered blue-eyed Mary,Plantaginaceae,F,
COST,Corallorhiza striata,hooded coralroot,Orchidaceae,F,
COTEV,Cordylanthus tenuis ssp. viscidus,Howell's bird's bead,Orobancaceae,F,
COLA?,Collinsia latifolia,Torrey's blue eyed mary,Plantaginaceae,F,Collinsia torreyi var. latifolia
COTR3,Corallorhiza trifida,yellow coralroot,Orchidaceae,F,
COUM,Comandra umbellata,comandra,Santalaceae,F,
COUMC,Commandra umbellatum ssp. californica,commandra,Santalaceae,F,
COUN,Cornus unalaskensis,bunchberry,Cornaceae,F,Cornus canadensis
CRAC3,Cryptogramma acrostichoides,parsley fern,Pteridaceae,F,
CRAF,Cryptantha affinis,off-centered cryptantha,Boragonaceae,F,
CRBA2,Crepis bakeri,Baker's hawksbeard,Asteraceae,F,
CRCA3,Crepis capillaris,smooth hawksbeard,Asteraceae,F,
CRDO2,Crataegus douglasii,hawthorn,Rosaceae,TB,
CREPI,Crepis sp.,hawkbeard species,Asteraceae,F,
CRFL4,Cryptantha flaccida,weak-stemmed cryptantha,Boraginaceae,F,
CRIN8,Cryptantha intermedia,common cryptantha,Boraginaceae,F,
CRMI4,Cryptantha milo-bakeri,Milo Baker's cryptantha,Boraginaceae,F,
CRMO5,Crepis monticola,mountain hawksbeard,Asteraceae,F,
CRMU,Crocidium multicaule,spring-gold,Asteraceae,F,
CROC,Crepis occidentalis,western hawksbeard,Asteraceae,F,
CRPL,Crepis pleurocarpa,naked-stemmed hawksbeard,Asteraceae,F,
CRSE11,Croton setiger,turkey mullein,Euphorbiaceae,F,Eremocarpus setigerus
CRSI2,Cryptantha simulans,,Boraginaceae,F,
CRTO4,Cryptantha torreyana,,Boraginaceae,F,
CRYPT,Cryptantha sp.,cryptantha species,Boraginaceae,F,
CABA30,Callitropis bakeri,Baker's cypress,Cupressaceae,TC,Cupressus bakeri
CHLA,Chamaecyparis lawsoniana,Port Orford cedar,Cupressaceae,TC,Cupressus lawsoniana
CYCA4,Cypripedium californcum,California lady's slipper,Orchidaceae,F,
CYCR,Cynosurus cristatus,,Poaceae,GG,
CYEC,Cynosurus echinatus,hedgehog dogtail,Poaceae,GG,
CYFA,Cypripedium fasciculatum,clustered lady's slipper,Orchidaceae,F,
CYFR2,Cystopteris fragilis,bladder fern,Woodsiaceae,FN,
CYGR,Cynoglossum grande,Pacific hound's tongue,Boraginaceae,F,
CYMO2,Cypripedium montanum,mountain lady's slipper,Orchidaceae,F,
CYOC,Cynoglossum occidentale,western hound's tongue,Boraginaceae,F,
CYOF,Cynoglossum officinale,burgundy hound's tongue,Boraginaceae,F,
CYSC4,Cytisus scoparius,Scotch broom,Fabaceae,S,
DACA3,Danthonia californica,California oatgrass,Poaceae,GG,
DACA5,Darlingtonia californica,California pitcher-plant,Sarraceniaceae,F,
DACA6,Daucus carota,Queen Anne's lace,Apiaceae,F,
DAGL,Dactylis glomerata,orchard grass,Poaceae,GG,
DAIN,Danthonia intermedia,timber oatgrass,Poaceae,GG,
DAPE,Darmera peltata,umbrella plant,Saxifragaceae,F,
DAPU3,Daucus pusillus,little wild carrot,Apiaceae,F,
DAUN,Danthonia unispicata,onespike oatgrass,Poaceae,GG,
DECA18,Deschampsia cespitosa,tufted hairgrass,Poaceae,GG,
DEDA,Deschampsia danthanoides,annual hairgrass,Poaceae,GG,
DEDE2,Delphinium depauperatum,dwarf larkspur,Ranunculaceae,F,
DEEL,Deschampsia elongata,slender hairgrass,Poaceae,GG,
DEGL,Delphinium glaucum,pale larkspur,Ranunculaceae,F,
DELPH,Delphinium sp.,larkspur species,Ranunculaceae,F,
DEME,Delphinium menziesii,Menzies's larkspur,Ranunculaceae,F,
DENU,Delphinium nudicaule,red larkspur,Ranunculaceae,F,
DENU2,Delphinium nuttallianum,"meadow" or "slim larkspur",Ranunculaceae,F,
DEPI,Descurainia pinnata,western tansymustard,Brassicaceae,F,
DIACF,Dichanthelium acuminatum var. fasciulatum,Pacific panicum,Poaceae,GG,Panicum acuminatum 
DIAR,Dianthus armeria ssp. armeria,grass pink,Caryophyllaceae,F,
DICA14,Dichelostemma capitatum,blue dicks,Asparagaceae,F,
DICO19,Dichelostemma congestum,ookow,Asparagaceae,F,
DIFO,Dicentra formosa,Pacific bleedingheart,Papaveraceae,F,
DIFOO,Dicentra formosa ssp. oregona,Oregon bleedingheart,Papaveraceae,F,
DIFU2,Dipsacus fullonum,wild teasel,Dipsacaceae,F,
PRHO2,Prosartes hookeri,Oregon fairybell,Liliaceae,F,Disporum hookeri
DIMU5,Dichelostemma multiflorum,wild hyacinth,Asparagaceae,F,
DIPA,Dicentra pauciflora,few-flowered bleedingheart,Fumariaceae,F,
DIPU,Digitalis purpurea,foxglove,Plantaginaceae,F,
DISA9,Dipsacus sativus ,Indian teasle,Dipsacaceae,F,
PRSM,Prosartes smithii,Smith's fairbell,Liliaceae,F,Disporum smithii
DOAL,Dodecatheon alpinum,alpine shooting star,Primulaceae,F,
DOBA,Downingia bacigalupii,Bach's downingia,Campanulaceae,F,
DOHE,Dodecatheon hendersonii,Henderson's shooting star,Primulaceae,F,
DOPU,Dodecatheon pulchellum,few-flowered shooting star,Primulaceae,F,
DOYI,Downingia yina,Cascade downingia,Campanulaceae,F,
DRAR3,Dryopteris arguta,coastal wood-fern,Dryopteridaceae,FN,
DRAUS2,Dryopteris austriaca var. spinulosa,mountain wood-fern,Dryopteridaceae,FN,
DREX2,Dryopteris expansa,spreading wood fern,Dryopteridaceae,FN,
DRFI2,Dryopteris filix-mas,male fern,Dryopteridaceae,FN,
DRGL7,Drymocallis glandulosa var. glandulosa,sticky cinquefoil,Rosaceae,F,Potentilla glandulosa ssp. glandulosa
DRRH?,Drymocallis rhomboidea,sticky cinquefoil,Rosaceae,F,Potentilla glandulosa globosa
DRVE2,Draba verna,vernal draba,Brassicaceae,F,
ELAC,Eleochaeris acicularis,spike rush,Cyperaceae,GS,
ELEL5,Elymus elymoides,bottlebrush squirreltail,Poaceae,GG,
ELELC2,Elymus elymoides ssp. californicus,California squirreltail,Poaceae,GG,
ELELE,Elymus elymoides ssp. elymoides,squirreltail,Poaceae,GG,
ELGL,Elymus glaucus,blue wildrye,Poaceae,GG,
THIN6,Thinopyrum intermedium ,intermediate wheatgrass,Poaceae,GG,Elytrigia intermedia
ELLAL,Elymus lanceolatus ssp. lanceolatus,thickspike wheatgrass,Poaceae,GG,
ELPA3,Eleocharis palustris,spike rush,Cyperaceae,GS,Eleocharis macrostachya
ELMO2,Eleocharis montevidensis,sand spike rush,Cyperaceae,GS,
ELMU3,Elymus multisetus,big squirreltail,Poaceae,GG,
ELQU2,Eleocharis quinqueflora,few-flowered spike rush,Cyperaceae,GS,Eleocharis pauciflora
ELPA3,Eleocharis palustris,spike rush,Cyperaceae,GS,Eleocharis macrostachya
ELPA4,Eleocharis parishii,Parish's spike rush,Cyperaceae,GS,
ELQU2,Eleocharis quinqueflora,few-flowered spike rush,Cyperaceae,GS,Eleocharis pauciflora
ENST,Enemion stipitatum,dwarf isopyrum,Ranunculaceae,GG,
CHAN9,Chamerion angustifolium,fireweed,Onagraceae,F,Epilobium angustifolium
EPBR3,Epilobium brachycarpum,parched fireweed,Onagraceae,F,
EPCA3,Epilobium canum,,Onagraceae,F,
EPCIC,Epilobium ciliatum ssp. ciliatum,glandular willow-herb,Onagraceae,F,
EPCIG,Epilobium ciliatum ssp. glandulosum,short-styled willow-herb,Onagraceae,F,
EPDE4,Epilobium densiflorum,,Onagraceae,F,
EPGI,Epipactis gigantea,giant hellegorine,Orchidaceae,F,
EPGLG,Epilobium glaberrimum ssp. glaberrimum,smoothstem willow-herb,Onagraceae,F,
EPILO,Epilobium sp.,willow-herb species,Onagraceae,F,
CHLA13,Chamerion latifolium,dwarf fireweed,Onagraceae,F,Epilobium latifolium
EPLU,Epilobium luteum,yellow willow-herb,Onagraceae,F,
EPMI,Epilobium minutum,small-flowered willow-herb,Onagraceae,F,
EPOR,Epilobium oreganum,Oregon willow-herb,Onagraceae,F,
EPRI,Epilobium rigidum,rigid willow-herb,Onagraceae,F,
EPSI,Epilobium siskiyouense,Siskiyou willow-herb,Onagraceae,F,
EQAR,Equisetum arvense,common horsetail,Equisetaceae,FN,
EQHYA,Equisetum hyemale var. affine,scouring-rush,Equisetaceae,FN,
EQTE,Equisetum telmateia var. braunii,giant horsetail,Equisetaceae,FN,
EQUIS,Equisetum sp.,scouring rush,Equisetaceae,FN,
ERAL3,Erigeron aliceae,Alice fleabane,Asteraceae,F,
ERCAC,Erysimum capitatum var. capitatum,Douglas' wall flower,Brassicaceae,F,Erysimum asperum
ERBLN,Erigeron bloomeri var. nudatus,"scabland fleabane" or "Waldo daisy",Asteraceae,F,
ERCA6,Eriodictyon californicum,yerba santa,Boraginaceae,F,
ERCAC,Erysimum capitatum var. capitatum,Douglas' wall flower,Brassicaceae,F,Erysimum asperum
ERCE,Erigeron cervinus,"Siskiyou daisy" or "deer erigeron",Asteraceae,F,
ERCI6,Erodium cicutarium,"filaree" or "redstem storksbill",Geraniaceae,F,
ERCI7,Erythronium citrinum,lemon fawn-lily,Liliaceae,F,
ERCO12,Eriogonum compositum,arrowleaf buckwheat,Polygonaceae,F,
ERCO4,Erigeron compositus,dwarf mountain fleabane,Asteraceae,F,
ERCOC14,Eremogone congesta var. congesta,dense-flowered sandwort,Caryophyllaceae,F,Arenaria congesta
ERCR4,Eriophorum cringerum,fringer cotton grass,Cyperaceae,F,
ERDI10,Eriogonum diclinum,Janyes Canyon buckwheat,Polygonaceae,F,
ERFI2,Erigeron filifolius,threadleaf fleabane,Asteraceae,F,
ERFOC,Erigeron foliosus var. confinus,leafy daisy,Asteraceae,F,
ERGR16,Ericameria greenei,Green's goldenbush,Asteraceae,F,
ERHE7,Erythronium hendersonii,Henderson's fawn-lily,Liliaceae,F,
ERHO10,Erythronium howellii,Howell's fawn-lily,Liliaceae,F,
ERIGE2,Erigeron sp.,fleabane,Asteraceae,F,
ERIN2,Erigeron inornatus,unadorned fleabane,Asteraceae,F,
ERKL,Erythronium klamathense,Klamath fawnlily,Liliaceae,F,
ERLA6,Eriophyllum lanatum,wooly sunflower,Asteraceae,F,
ERNA10,Ericameria nauseosus,common rabbit-brush,Asteraceae,F,Chrysothamnus nauseosus
ERNU3,Eriogonum nudum,barestem buckwheat,Polygonaceae,F,
EROR4,Erythronium oregonum,Oregon or giant fawn-lily,Liliaceae,F,
EROV,Eriogonum ovalifolium,oval leaved Eriogonum,Polygonaceae,F,
ERPE3,Erigeron peregrinus var. peregrinus,foreign erigeron,Asteraceae,F,
ERPE5,Erigeron petrophilus,cliff daisy,Asteraceae,F,
ERPE6,Eriogonum pendulum,long-stemmed buckwheat,Polygonaceae,F,
ERPE7,Eryngium petiolatum,coyote thistle,Apiaceae,F,
ERPH,Erigeron philadelphicus,,Asteraceae,F,
CRSE11,Croton setiger,turkey mullein,Euphorbiaceae,F,Eremocarpus setigerus
ERSP7,Eriogonum sphaerocephalum,,Polygonaceae,F,
ERTE10,Eriogonum ternatum,Waldo buckwheat,Polygonaceae,F,
ERUM,Eriogonum umbellatum,sulphur buckwheat,Polygonaceae,F,
ERVI5,Eriogonum vimineum,,Polygonaceae,F,
ERYTH3,Erythronium sp.,Fawn Lily,Liliaceae,F,
ESCA,Eschscholtzia caespitosa,gold poppy,Papaveraceae,F,
ESCA2,Eschscholtzia californica,California poppy,Papaveraceae,F,
EUBR12,Eucephalus breweri,Brewer's aster,Asteraceae,F,Aster breweri
EUCR2,Euphorbia crenulata,chinese caps,Euphorbiaceae,F,
EULE14,Eucephalus ledophyllus,Cascade aster,Asteraceae,F,Aster ledophyllus
EUPE6,Euphorbia peplus,petty spurge,Euphorbiaceae,F,
EURA10,Eurbia radulina,rough-leaved aster,Asteraceae,F,Aster radulinus
EUTO4,Eucephalus tomentellus,rayless aster,Asteraceae,F,Aster brickellioides
EUVI8,Eucephalus vialis,Wayside aster,Asteraceae,F,
SCAR7,Schedonorus arundinaceus,tall fescue,Poaceae,GG,Festuca arundinacea
FECA,Festuca californica,California fescue,Poaceae,GG,
FEEL2,Festuca elmeri,Elmer's fescue,Poaceae,GG,
FEID,Festuca idahoensis,Idaho fescue,Poaceae,GG,
FEOC,Festuca occidentalis,western fescue,Poaceae,GG,
SCPR4,Schedonerus pratensis,meadow fescue,Poaceae,GG,Festuca pratensis
FERO,Festuca roemeri,Roemer's fescue,Poaceae,GG,
FERU2,Festuca rubra,red fescue,Poaceae,GG,
FESU,Festuca subulata,bearded fescue,Poaceae,GG,
FESU2,Festuca subuliflora,crinkle-awn fescue,Poaceae,GG,
FEVI,Festuca viridula,green fescue,Poaceae,GG,
FLPR,Floerkea proserpinacoides,false mermaidweed,Limnanthaceae,F,
FRAF2,Fritillaria affinis,checker lily,Liliaceae,F,
FRALN,Frasera albicaulis var. nitida,whitestem frasera,Gentianaceae,F,Swertia albicaulis var. nitida
FRGE,Fritillaria gentneri,Gentner's fritillary,Liliaceae,F,
FRGL,Fritillaria glauca,Siskiyou fritillary,Liliaceae,F,
FRITI,Fritillaria sp.,fritillary species,Liliaceae,F,
FRLA,Fraxinus latifolia,Oregon ash,Oleaceae,TB,
FRAF,Fritillaria affinis,checker lily,Liliaceae,F,Fritillaria lanceolata
FRRE,Fritillaria recurva,scarlet fritillary,Liliaceae,F,
FRUM2,Frasera umpquaensis,Umpqua swertia,Gentianaceae,F,
FRVEB2,Fragaria vesca ssp. bracteata,woods strawberry,Rosaceae,F,
FRVI,Fragaria virginiana,Virginia strawberry,Rosaceae,F,
GAAMS2,Galium ambiguum var. siskiyouense,Yolla bolly bedstraw,Rubiaceae,F,
GAAMS2,Galium ambiguum var. siskiyouense,phlox-leaved bedstraw,Rubiaceae,F,Galium andrewsii
GAAP2,Galium aparine,catchweed bedstraw,Rubiaceae,F,
GABI,Galium bifolium,low mountain bedstraw,Rubiaceae,F,
GABO,Galium bolanderi,"Bolander's" or "gray bedstraw",Rubiaceae,F,
GABOS,Galium boreale ssp. septentrionale,northern bedstraw,Rubiaceae,F,
GABU,Garrya buxifolia,box-leaved silk-tassel,Garryaceae,S,
GATRP,Galium trifidum var. pacificum,small bedstraw,Rubiaceae,F,Galium cymosum
GADIP,Gayophytum diffusum ssp. parviflorum,spreading groundsmoke,Onagraceae,F,
GAFR,Garrya fremontii,Fremont silk-tassel,Garryaceae,S,
GALIU,Galium sp.,bedstraw,Rubiaceae,F,
GAMU5,Galium muricatum,Humbolt bedstraw,Rubiaceae,F,
GAOR,Galium oreganum,Oregon bedstraw,Rubiaceae,F,
GAOV2,Gaultheria ovatifolia,"slender salal" or "wintergreen",Ericaceae,S,
GAPA5,Galium parisiense,wall bedstraw,Rubiaceae,F,
GAPO,Galium porrigens,graceful bedstraw,Rubiaceae,F,
GASH,Gaultheria shallon,salal,Ericaceae,S,
GATR3,Galium triflorum,fragrant bedstraw,Rubiaceae,F,
GATRP,Galium trifidum var. pacificum,small bedstraw,Rubiaceae,F,
GAYOP,Gayophytum sp.,"groundsmoke" or "kithchenweed",Onagraceae,F,
GEDI,Geranium dissectum,cut-leaved geranium,Geraniaceae,F,
GEMA4,Geum macrophylum,Oregon avens,Rosaceae,F,
GEMO,Geranium molle,dovesfoot geranium,Geraniaceae,F,
GEOR2,Geranium oreganum,"western" or "Oregon geranium",Geraniaceae,F,
GEPL6,Gentiana plurisetosa,elegant gentian,Gentianaceae,F,
GERAN,Geranium sp.,geranium,Geraniaceae,F,
GESE2,Gentiana setigera,"Waldo" or "Mendocino gentian",Gentianaceae,F,
NACA6,Navarretia capillaris,smooth-leaved gilia,Polemoniaceae,F,Gilia capillaris
GICA5,Gilia capitata,blue-headed gilia,Polemoniaceae,F,
NASIS,Navarretia sinistra ssp. sinistra,sinister gilia,Polemoniaceae,F,Gilia sinistra ssp. sinistra
GISP3,Githopsis specularioides,common bluecup,Campanulaceae,F,
GLEL,Glyceria elata,tall mannagrass,Poaceae,GG,
GLHE2,Glechoma hederacea,ground ivy,Lamiaceae,F,
GLYCE,Glyceria sp.,mannagrass,Poaceae,GG,
GNAPH,Gnaphalium sp.,cudweed,Asteraceae,F,
GNCA,Gnaphalium californicum,ladie's tobacco,Asteraceae,F,
GNCAT,Pseudognaphalium thermale,slender cudweed,Asteraceae,F,Gnaphalium canescens ssp. thermale
GNCH,Gnaphalium stramineum,cotton batting plant,Asteraceae,F,Gnaphalium chilense
GNPA,Gnaphalium palustre,lowland cudweed,Asteraceae,F,
GNST,Gnaphalium stramineum,cotton batting plant,Asteraceae,F,Gnaphalium chilense
GOOB2,Goodyera oblongifolia,rattlesnake-plantain,Orchidaceae,F,
GREB,Gratiola ebracteata,bractless hedgehyssop,Plantaginaceae,F,
GRNA,Grindelia nana var. nana,Idaho gumplant,Asteraceae,F,
HAAL2,Hastingsia alba,white-flowered rush lily,Asparagaceae,F,
HABRA2,Hastingsia bracteosa var. atropurpurea,purple-flowered rush lily,Asparagaceae,F,Hastingsia atropupurea
HABE,Hackelia bella,large flowered hackelia,Boraginaceae,F,
HABRB,Hastingsia bracteosa var. bracteosa,large-flowered rush lily,Asparagaceae,F,
HABRA2,Hastingsia bracteosa var. atropurpurea,purple-flowered rush lily,Asparagaceae,F,Hastingsia atropupurea
HACA,Hackelia californica,California stickseed,Boraginaceae,F,
HAMI,Hackelia micrantha,Jessica's tickweed,Boraginaceae,F,
HAAL2,Hastingsia alba,white-flowered rush lily,Asparagaceae,F,Hastingia serpenticola
HAWHD2,Hazardia whitneyi var. discoidea,Whitney's haplopappus,Asteraceae,F,
HEACR,Hesperevax acaulis var. robustior,robust evax,Asteraceae,F,
HEBI,Helenium bigelovii,Bigelow's sneezeweed,Asteraceae,F,
HEBO3,Helianthus bolanderi,Bolander's sunflower,Asteraceae,F,
HECH,Heuchara chlorantha,tall alumroot,Saxifragaceae,F,
HECO6,Hemitomes congestum,gnome plant,Ericaceae,F,
HECO7,Hemizonia congesta ssp. clevelandii ,hayfield tarweed,Asteraceae,F,
HECOC6,Hemizonia congesta ssp. clevelandii,hayfield tarweed,Asteraceae,F,
HEFI,Centromadia fitchii,Fitch's spikeweed,Asteraceae,F,Hemizonia fitchii
HEGL5,Heuchera glabra,alpine alumroot,Saxifragaceae,F,
HEMA80,Heracleum maximum,common cowparsnip,Apiaceae,F,Heracleum lanatum
HEMA80,Heracleum maximum,common cowparsnip,Apiaceae,F,Heracleum lanatum
HEMI20,Hemizonella minima,small-head tarweed,Asteraceae,F,Madia minima
HEMI7,Heuchera micrantha,smallflower alumroot,Saxifragaceae,F,
HEMI9,Hesperolinon micranthum,threadstem flax,Linaceae,F,
HEMIZ,Hemizonia sp.,tarweed,Asteraceae,F,
HEPU6,Hesperochiron pumilus,dwarf hesperochiron,Boraginaceae,F,
HERA3,Heterocodon rariflorum,,Campanulaceae,F,
HESPB,Hesperevax sparsiflora var. brevifolia,short-leaved evax,Asteraceae,F,
HIAL2,Hieracium albiflorum,white-flowered hawkweed,Asteraceae,F,
HIBO,Hieracium bolanderi,Bolander's hawkweed,Asteraceae,F,
HIERA,Hieracium sp.,hawkweed,Asteraceae,F,
HIGR,Hieracium gracile,slender hawkweed,Asteraceae,F,
HIGR2,Hieracium greenei,Greene's hawkweed,Asteraceae,F,
HIOC,Hierochloe occidentalis,western vanilla grass,Poaceae,GG,
HISC2,Hieracium scouleri,Scouler's hawkweed,Asteraceae,F,
HOBR2,Hordeum brachyantherum,meadow barley,Poaceae,GG,
HOCON,Horkelia congesta ssp. nemorosa,Josephine horkelia,Rosaceae,F,
HODA,Horkelia daucifolia,carrot-leaved horkelia,Rosaceae,F,
HODI,Holodiscus discolor,creambush oceanspray,Rosaceae,S,
HOFU,Horkelia fusca,dusky horkelia,Rosaceae,F,
HOHE2,Horkelia hendersonii,Henderson's horkelia,Rosaceae,F,
HOJU,Hordeum jubatum,foxtail barley,Poaceae,GG,
HOLA,Holcus lanatus,common velvet-grass,Poaceae,GG,
HOMAG,Hordeum marinum ssp. gussoneanum,Mediterranean barley,Poaceae,GG,
HOMI3,Holodiscus microphyllus,dwarf oceanspray,Rosaceae,S,
HORKE,Horkelia sp.,horkelia,Rosaceae,F,
HOSE,Horkelia sericata,silky horkelia,Rosaceae,F,
HOTRT,Horkelia tridentata ssp. tridentata,three-toothed horkelia,Rosaceae,F,
HOUM,Holosteum umbellatum,jagged chickweed,Caryophyllaceae,F,
HYAN2,Hypericum anagalloides,tinkers penny,Hypericaceae,F,
HYCA4,Hydrophyllum capitatum,ballhead waterleaf,Boraginaceae,F,
HYFEA,Hydrophyllum fendleri var. albifrons,Fendler's waterleaf,Boraginaceae,F,
HYSC5,Hypericum scouleri,Scouler's St. John's Wort,Hypericaceae,F,Hypericum formosum
HYGL2,Hypochaeris glabra,false dandelion,Asteraceae,F,
HYOC,Hydrophyllum occidentale,California waterleaf,Boraginaceae,F,
HYPE,Hypericum perforatum,Klamathweed,Hypericaceae,F,
HYRA3,Hypochaeris radicata,false dandilion,Asteraceae,F,
HYSC5,Hypericum scouleri,Scouler's St. John's Wort,Hypericaceae,F,Hypericum formosum
HYTE,Hydrophyllum tenuipes,Pacific waterleaf,Boraginaceae,F,
IDSC,Idahoa scapigera,oldstem idahoa,Brassicaceae,F,
ILLA2,Iliamna latibracteata,California globe-mallow,Malvaceae,F,
IPAG,Ipomopsis aggregata,scarlet gilia,Polemoniaceae,F,
IRBR,Iris bracteata,Siskiyou iris,Iridaceae,F,
IRCH,Iris chrysophylla,yellow-leaved iris,Iridaceae,F,
IRIN,Iris innominata,golden iris,Iridaceae,F,
IRIS,Iris sp.,iris,Iridaceae,F,
IRMI,Iris missouriensis,Rocky Mountain Iris,Iridaceae,F,
IRTE,Iris tenax,Oregon iris,Iridaceae,F,
ISNU,Isoetes nuttallii,Nuttall's quillwort,Isoetaceae,F,
JUAC,Juncus acuminatus,tapertip rush,Juncaceae,GR,
JUBA,Juncus balticus,Baltic rush,Juncaceae,GR,
JUBO,Juncus bolanderi,Bolander's rush,Juncaceae,GR,
JUBU,Juncus bufonius,toad rush,Juncaceae,GR,
JUCO2,Juncus confusus,Colorado rush,Juncaceae,GR,
JUCO6,Juniperus communis var. saxatilis,common juniper,Cupressaceae,S,
JUEF,Juncus effusus,common rush,Juncaceae,GR,
JUEN,Juncus ensifolius,dagger-leaved rush,Juncaceae,GR,
JUNCU,Juncus sp.,rush,Juncaceae,GR,
JUOC,Juniperus occidentalis,western juniper,Cupressaceae,TC,
JUOR,Juncus orthophyllus,straight-leaved rush,Juncaceae,GR,
JUOX,Juncus oxymeris,pointed rush,Juncaceae,GR,
JUPA,Juncus parryi,Parry's rush,Juncaceae,GR,
JUPA2,Juncus pattens,spreading rush,Juncaceae,GR,
JUSA,Juncus saximontanus,Iris-leaved rush,Juncaceae,GR,Juncus xiphioides
JUTE,Juncus tenuis,slender rush,Juncaceae,GR,
JUSA,Juncus saximontanus,Iris-leaved rush,Juncaceae,GR,Juncus xiphioides
KALE,Kalmiopsis leachiana,kalmiopsis,Ericaceae,S,
KEGA,Kelloggia galioides,kelloggia,Rubiaceae,F,
KELE,Keckiella lemmonii,bush beardtongue,Plantaginaceae,F,
KOMA,Koeleria macrantha,June grass,Poaceae,GG,Koeleria cristata
KOHO?,Kopsiopsis hookeri,small groundcone,Orobanchaceae,F,Boschniakia hookeri
KOMA,Koeleria macrantha,June grass,Poaceae,GG,
KOST?,Kopsiopsis strobilacea,California groundcone,Orobanchaceae,F,Boschniakia strobilacea
LABI,Lactuca biennis,tall blue lettuce,Asteraceae,F,
LACA7,Lasthenia californica,goldfields,Asteraceae,F,
LACO3,Lapsana communis,nipplewort,Asteraceae,F,
LADE3,Lathyrus delnorticus,Del Norte pea,Fabaceae,F,
LALA4,Lathyrus latifolius,everlasting pea,Fabaceae,F,
LALAL2,Lathyrus lanszwertii var. lanszwertii,thick-leaved pea,Fabaceae,F,
LATR,Lathyrus tracyi,thick-leaved pea,Fabaceae,F,Lathyrus lanszwertii var. tracyi
LAMU,Mycelis muralis,wall-lettuce,Asteraceae,F,Lactuca muralis
LANE3,Lathyrus nevadensis,Nevada pea,Fabaceae,F,
LAPA4,Lathyrus palustris,marsh pea,Fabaceae,F,
LAPO3,Lathyrus polyphyllus,leafy peavine,Fabaceae,F,
LASE,Lactuca serriola,prickly lettuce,Asteraceae,F,
LASU,Lathyrus sulphureus,sulphur pea,Fabaceae,F,
LATO,Lathyrus torreyi,Torrey's pea,Fabaceae,F,
LATR,Lathyrus tracyi,thick-leaved pea,Fabaceae,F,Lathyrus lanszwertii var. tracyi
LEBI8,Leptosiphon bicolor,bicolored linanthus,Polemoniaceae,F,Linanthus bicolor
LEBO9,Leptosiphon bolanderi,Baker's linanthus,Polemoniaceae,F,Linanthus bolanderi
LECA5,Lepidium campestre,poormans peppergrass,Brassicaceae,F,
LECI4,Leymus cinereus,basin wildrye,Poaceae,GG,
LECI18,Leptosiphon ciliatus,wisker brush,Polemoniaceae,F,Linanthus ciliatus
LECOH2,Lewisia cotyledon var. howellii,Howell's lewisia,Montiaceae,F,
LEDA,Leucothoe davisiae,Sierra laurel,Ericaceae,S,
RHCO18,Rhododendron columbianum,western Labrador tea,Ericaceae,S,Ledum glandulosum
LEHA11,Leptosiphon harknessii,Harkness' linanthus,Polemoniaceae,F,Linanthus harknessii
LEMI3,Lemna minor,common duckweed,Araceae,F,
LENI,Lepidium nitidum,shinning peppergrass,Brassicaceae,F,
LEOP,Lewisia oppositifolia,opposite-leaved lewisia,Montiaceae,F,
LEVU,Leucanthemum vulgare,oxeye daisy,Asteraceae,F,Chrysanthemum vulgare
LIAF,Lithophragma affine,woodland star,Saxifragaceae,F,
LIALG?,Limnanthes alba var. gracilis,slender meadow-foam,Limnanthaceae,F,Limnanthes gracilis var. gracilis
LIAP,Ligusticum apiifolium,parsley-leaved licorice-root,Apiaceae,F,
LEBI8,Leptosiphon bicolor,bicolored linanthus,Polemoniaceae,F,Linanthus bicolor
LIBI5,Linum bienne,mediterranean flax,Linaceae,F,
LIBO,Lilium bolanderi,Bolander's lily,Liliaceae,F,
LEBO9,Leptosiphon bolanderi,Baker's linanthus,Polemoniaceae,F,Linanthus bolanderi
LIBOL,Linnaea borealis var. longiflora,wester twinflower,Linnaeaceae,F,
LICA,Ligusticum californicum,California licorice root,Apiaceae,F,
LICA10,Listera caurina,northwest listera,Orchidaceae,F,
LICA11,Lithospermum californicum,California stoneseed,Boraginaceae,F,
LICA21,Lithophragma campanulatum,large-flowered hill star,Saxifragaceae,F,
LECI18,Leptosiphon ciliatus,wisker brush,Polemoniaceae,F,Linanthus ciliatus
LICO,Lilium columbianum,tiger lily,Liliaceae,F,
LICO6,Listera cordata,heartleaf twayblade,Orchidaceae,F,
LIDAD,Linaria dalmatica ssp. dalmatica,dalmation toadflax,Plantaginaceae,F,
LIDE3,Lithocarpus densiflorus ,tanoak,Fagaceae,TB,
LIDEE,Lithocarpus densiflora var. echinoides,shrub tanoak,Fagaceae,TB,
LIFL2,Limnanthes floccosa,wooly meadow-foam,Limnanthaceae,F,
LIFLB,Limnanthes floccosa ssp. bellingeriana,Bellinger's meadow-foam,Limnanthaceae,F,
LIFLF,Limnanthes floccosa ssp. floccosa,wooly meadowfoam,Limnanthaceae,F,
LIDAD,Linaria dalmatica ssp. dalmatica,dalmation toadflax,Plantaginaceae,F,Linaria genistifolia ssp. dalmatica
LIGL2,Lithophragma glabrum,bulbous woodland-star,Saxifragaceae,F,
LIGR,Ligusticum grayi,Gray's licorice-root,Apiaceae,F,
LIALG?,Limnanthes alba var. gracilis,slender meadow-foam,Limnanthaceae,F,Limnanthes gracilis var. gracilis
LEHA11,Leptosiphon harknessii,Harkness' linanthus,Polemoniaceae,F,Linanthus harknessii
LICA21,Lithophragma campanulatum,large-flowered hill star,Saxifragaceae,F,Lithophragma heterophyllum
LILEL2,Linum lewisii var. lewisii,prairie flax,Linaceae,F,
LILIU,Lilium sp.,lily,Liliaceae,F,
LIPA5,Lithophragma parviflora,prairie star,Saxifragaceae,F,
LIPAS,Lilium pardalinum ssp. shastense,Shasta lily,Liliaceae,F,
LIPAV,Lilium pardalinum ssp. vollmeri,Vollmer's lily,Liliaceae,F,
LIPAW2,Lilium pardalinum ssp. wigginsii,Wiggin's lily,Liliaceae,F,
LIPE2,Linum perenne,western blue flax,Linaceae,F,
LIRU,Lilium rubescens,redwood lily,Liliaceae,F,
LIVU2,Linaria vulgaris,butter-and-eggs,Plantaginaceae,F,
LIWA,Lilium washingtonianum,Washington lily,Liliaceae,F,
LOAB,Lotus aboriginus,rosy lotus,Fabaceae,F,
LOCA3,Lomatium califoricum,California liptotaenia,Apiaceae,F,
LOCI3,Lonicera ciliosa,orange honeysuckle,Caprifoliaceae,V,
LOCO5,Lonicera conjugialis,purple-flower honeysuckle,Caprifoliaceae,V,
LOCO6,Lotus corniculatus,birdsfoot lotus,Fabaceae,F,
LOCO8,Lomatium cookii,Cook's parsley,Apiaceae,F,
LOCR,Lotus crassifolius,big deervetch,Fabaceae,F,
LODE,Lotus denticulatus,riverbar bird's foot trefoil,Fabaceae,F,
LODI,Lomatium dissectum,lace-leaved lomatium,Apiaceae,F,
LOEN,Lomatium engelmannii,Engelmann's desertparsley,Apiaceae,F,
LOFO2,Lotus formosissimus,bicolored deervetch,Fabaceae,F,
LOHA,Lomatium hallii,canyon desert parsley,Apiaceae,F,
LOHI2,Lonicera hispidula,hairy honeysuckle,Caprifoliaceae,V,
LOHO,Lomatium howellii,Howell's biscuit root,Apiaceae,F,
LOHU,Lotus humistratus,hill Lotus,Fabaceae,F,
LOIN4,Lonicera interrupta,chaparral honeysuckle,Caprifoliaceae,V,
LOMA3,Lomatium macrocarpum,giant-seeded lomatium,Apiaceae,F,
LOMA4,Lomatium martindalei,few-fruited biscuit-root,Apiaceae,F,
LOMI,Lotus micranthus,small-flowered deervetch,Fabaceae,F,
LONED,Lotus nevadensis var. douglasii,Nevada deervetch,Fabaceae,F,
LONU2,Lomatium nudicaule,pestle lomatium,Apiaceae,F,
LOOB2,Lotus oblongifolius,Torrey's lotus,Fabaceae,F,
LOPE,Lolium perenne,perenial ryegrass,Poaceae,GG,
LOPI2,Lotus pinnatus,bog lotus,Fabaceae,F,
LOPU3,Lotus purshianus,Spanish lotus,Fabaceae,F,
LOST3,Lotus stipularis,stipuled trefoil,Fabaceae,F,
LOTR2,Lomatium triternatum,nine-leaf biscuit-root,Apiaceae,F,
LOTUS,Lotus sp.,,Fabaceae,F,
LOUT,Lomatium utriculatum,spring gold,Apiaceae,F,
LUAL3,Lupinus albicaulis,pine lupine,Fabaceae,F,
LUAL4,Lupinus albifrons,white-leaved lupine,Fabaceae,F,
LUAN2,Lupinus andersonii,Anderson's lupine,Fabaceae,F,
LUAR6,Lupinus arbustus,longspur lupine,Fabaceae,F,
LUARA,Lupinus aridus ssp. ashlandensis,Mt. Ashland lupine,Fabaceae,F,
LUBI,Lupinus bicolor,miniature lupine,Fabaceae,F,
LUBR3,Lupinus breweri,Brewer's lupine,Fabaceae,F,
LUCA2,Luzula campestris,Field woodrush,Juncaceae,GR,
LUCO,Luzula comosa,field woodrush,Juncaceae,GR,
LUHY,Luina hypoleuca,silverback luina,Asteraceae,F,
LULA4,Lupinus latifolius,broadleaf lupine,Fabaceae,F,
LULE3,Lupinus leucophyllus,velvet lupine,Fabaceae,F,
LULES2,Lupinus lepidus var. sellulus,Donner Lake lupine,Fabaceae,F,
LULU2,Lupinus luteolus,bushy yellow lupine,Fabaceae,F,
LUON,Lupinus onustus,Plumus lupine,Fabaceae,F,
LUPA4,Luzula parviflora,small-flowered woodrush,Juncaceae,GR,
LUPIN,Lupinus sp.,lupine,Fabaceae,F,
LUPO2,Lupinus polyphyllus,large-leaved lupine,Fabaceae,F,
LUSU3,Lupinus succulentus,hollowleaf lupine,Fabaceae,F,
LYAM3,Lysichiton americanus,skunk cabbage,Araceae,F,
MACI,Madia citriodora,lemon tarweed,Asteraceae,F,
MADI6,Matricaria discoidea,pineapple weed,Asteraceae,F,Matricaria matricarioides
MADIA,Madia sp.,tarweed,Asteraceae,F,
MADO4,Malus x domestica,domestic apple,Rosaceae,TB,
MAEL,Madia elegans,showy tarweed,Asteraceae,F,
MAEX,Madia exigua,little tarweed,Asteraceae,F,
MAGL2,Madia glomerata,stinking tarweed,Asteraceae,F,
MAGR3,Madia gracilis,common tarweed,Asteraceae,F,
ANMA26,Anisocarpus madioides,woodland tarweed,Asteraceae,F,Madia madioides
MADI6,Matricaria discoidea,pineapple weed,Asteraceae,F,Matricaria matricarioides
HEMI20,Hemizonella minima,small-head tarweed,Asteraceae,F,Madia minima
MAOR3,Marah oreganus,wild cucumber,Cucurbitaceae,V,
MARA7,Maianthemum racemosum,western false Solomon's-seal,Liliaceae,F,
MASA,Madia sativa,coast tarweed,Asteraceae,F,
MAST4,Maianthemum stellatum,starry false Solomon's-seal,Liliaceae,F,
MEAL2,Melilotus albus,white sweet clover,Fabaceae,F,
MECA7,Mentha canadensis,field mint,Lamiaceae,F,Mentha arvensis
MEBE,Mertensia bella,Oregon lungwort,Boraginaceae,F,
MEBU,Melica bulbosa,oniongrass,Poaceae,GG,
MECA7,Mentha canadensis,field mint,Lamiaceae,F,Mentha arvensis
MECI,Mertensia ciliata,broad-leaved lungwort,Boraginaceae,F,
MEDI,Mentzelia dispersa,bushy blazingstar,Loasaceae,F,
MEFU,Melica fugax,little oniongrass,Poaceae,GG,
MEGE,Melica geyeri,Geyer's oniongrass,Poaceae,GG,
MEHA2,Melica harfordii,Harford's oniongrass,Poaceae,GG,
MEIN,Melilotus indicus,yellow sweet clover,Fabaceae,F,
MELA2,Mentzelia laevicaulis,smoothstem blazingstar,Loasaceae,F,
MENTHA,Mentha sp.,mint,Lamiaceae,F,
MEOF,Melilotus officinalis,white sweet clover,Fabaceae,F,
MEOF2,Melissa officinalis,lemon balm,Lamiaceae,F,
MEPA,Mertensia paniculata,tall lungwort,Boraginaceae,F,
MEPIC2,Mentha piperita ssp. citrata,peppermint,Lamiaceae,F,
MEPU,Mentha pulegium,pennyroyal,Lamiaceae,F,
MESA,Medicago sativa,alfalfa,Fabaceae,F,
MESP,Melica spectabilis,showy/purple oniongrass,Poaceae,GG,
MESP3,Mentha spicata,spearmint,Lamiaceae,F,
MESU,Melica subulata,Alaska oniongrass,Poaceae,GG,
MIAL,Mimulus alsinoides,chickweed monkeyflower,Phrymaceae,F,
MIBO3,Mimulus bolanderi,Bolander's monkeyflower,Phrymaceae,F,
MIBR,Mitella breweri,feathery mitrewort,Saxifragaceae,F,
MICA,Micropus californicus,q-tips,Asteraceae,F,
BOCAC,Micropus californicus californicus,q-tips,Asteraceae,F,
MICA3,Mimulus cardinalis,slender cottonweed,Phrymaceae,F,
MICA7,Minuartia califorica,California sandwort,Caryophyllaceae,F,
MICROS,Microseris sp.,microseris,Asteraceae,F,
MIDE,Mimulus dentatus,toothed monkeyflower,Phrymaceae,F,
MIDI4,Mitella diversifolia,angleleaf miterwort,Saxifragaceae,F,
MIDO3,Minuartia douglasii,Douglas's sandwort,Caryophyllaceae,F,
MIDO2,Mimulus douglasii,Douglas's monkeyflower,Phrymaceae,F,
MIFL2,Mimulus floribundus,many flowered monkeyflower,Phrymaceae,F,
MIGRG4,Microsteris gracilis var. gracilis,pink annual phlox,Polemoniaceae,F,Phlox gracilis
MIGU,Mimulus guttatus,yellow monkeyflower,Phrymaceae,F,
MIHO,Minuartia howellii,Howell's sandwort,Caryophyllaceae,F,
MIHO?,Micranthes howellii,Howell's saxifrage,Saxifragaceae,F,Saxifraga howellii
MIHO2,Microseris howellii,Howell's microseris,Asteraceae,F,
MIIN?,Micranthes integrifolia,northwestern saxifrage,Saxifragaceae,F,Saxifraga integrifolia
MIKE,Mimulus kelloggii,Kellogg's monkeyflower,Phrymaceae,F,
MILA,Microseris lacinata,cut-leaved microseris,Asteraceae,F,
MILAD,Microseris laciniata ssp. detlingii,Detling's microseris,Asteraceae,F,
MILAL,Microseris laciniata ssp. laciniata,cut-leaved microseris,Asteraceae,F,
MILAS,Microseris laciniata ssp. siskiyouensis,Siskiyou microseris,Asteraceae,F,
MILE,Mimulus lewisii,Lewis's monkeyflower,Phrymaceae,F,
MIMA?,Micranthes marshallii,Marshall's saxifrage,Saxifragaceae,F,Saxifraga marshallii
MIMO,Mimulus moschatus,musk flower,Phrymaceae,F,
MINA,Mimulus nanus,dwarf monkeyflower,Phrymaceae,F,
MINU,Microseris nutans,nodding microseris,Asteraceae,F,
MIOD2,Micranthes odontoloma,mountain meadow saxifrage,Saxifragaceae,F,Saxifraga arguta
MIOR2,Micranthes oregana,Oregon saxifrage,Saxifragaceae,F,Saxifraga oregana
MIOV,Mitella ovalis,saucer mitrewort,Saxifragaceae,F,
MIPE,Mitella pentandra,alpine mitrewort,Saxifragaceae,F,
MIPU,Minuartia pusilla,dwarf sandwort,Caryophyllaceae,F,
MITR2,Mitella trifida,three-tooth mitrewort,Saxifragaceae,F,
MOCH,Montia chamissoi,toad lily,Montiaceae,F,
MODI2,Montia dichotoma,dwarf miner's lettuce,Montiaceae,F,
MODI3,Montia diffusa,branching montia,Montiaceae,F,
MOEN,Moenchia erecta,moenchia,Caryophyllaceae,F,
MOFO,Montia fontana,annual water miners lettuce,Montiaceae,F,
MOOD,Monardella odoratissima,western balm,Laminaceae,F,Monardella glauca
MOHO,Montia howellii,Howell's montia,Montiaceae,F,
MOHY,Monotropa hypopithys,American pinesap,Ericaceae,F,
MOLI,Montia linearis,narrow-leaved montia,Montiaceae,F,
MOMA,Moehringia macrophylla,big-leaf sandwort,Caryophyllaceae,F,
MOOD,Monardella odoratissima,western balm,Laminaceae,F,
MOPA2,Montia parvifolia,littleleaf montia,Montiaceae,F,
MOPU2,Monardella purpurea,Siskiyou monardella,Laminaceae,F,
MOVIS2,Monardella villosa ssp. sheltonii,Shelton's monardella,Lamiaceae,F,Monardella sheltonii
MOUN,Monotropa uniflora,Indian pipe,Ericaceae,F,
MOVI,Monardella villosa,coyote-mint,Laminaceae,F,
MOVIS2,Monardella villosa ssp. sheltonii,Shelton's monardella,Lamiaceae,F,Monardella sheltonii
MUFI2,Muhlenbergia filiformis,mat muhly,Poaceae,GG,
MYDI,Myosotis discolor,yellow & blue scorpion-grass,Boraginaceae,F,
MYMI,Myosurus minimus,least mouse-tail,Ranunculaceae,F,
MYMU,Mycelis muralis,wall-lettuce,Asteraceae,F,Lactuca muralis
NACA,Narthecium califoricum,bog asphodel,Nartheciaceae,F,
NACA6,Navarretia capillaris,smooth-leaved gilia,Polemoniaceae,F,Gilia capillaris
NADID,Navarretia divaricata ssp. divaricata,divaricate navarretia,Polemoniaceae,F,
NAHE,Navarretia heterandra,Tehama navarretia,Polemoniaceae,F,
NAIN2,Navarretia intertexta,needle-leaf navarretia,Polemoniaceae,F,
NAINP3,Navarretia intertexta ssp. propinqua,near navarretia,Polemoniaceae,F,
NAOF,Nasturtium officinale,watercress,Brassicaceae,F,Rorippa nasturtium-aquaticum
NASIS,Navarretia sinistra ssp. sinistra,sinister gilia,Polemoniaceae,F,Gilia sinistra ssp. sinistra
NASQ,Navarretia squarrosa,skunkweed,Polemoniaceae,F,
NASU,Navarretia subuligera,awl-leaf navarretia,Polemoniaceae,F,
NATA3,Navarretia tagetina,marigold navarretia,Polemoniaceae,F,
NECA,Nemacladus capillaris,common nemacladus,Campanulaceae,F,
NEME,Nemophila menziesii,large-flowered nemophila,Boraginaceae,F,
NEPA,Nemophila parviflora,small-flowered nemophila,Boraginaceae,F,
NEPE,Nemophila pedunculata,meadow nemophila,Boraginaceae,F,
NOFEG,Noccaea fendleri ssp. glauca,Fendler's pennycress,Brassicaceae,F,Thlaspi fendleri/montanum
NOFES,Noccaea fendleri ssp. siskiyouense,Siskiyou Mountain pennycress,Brassicaceae,F,Thlaspi montanum var. siskiyouense
NONE,Nothochelone nemorosa,woodland penstemon,Plantaginaceae,F,
NUPO,Nuphar polysepalum,Indian pond lily,Nymphaeaceae,F,
OECE,Oemleria cerasiformis,"Indian plum" or "osoberry",Rosaceae,F,
OESA,Oenanthe sarmentosa,water parsley,Apiaceae,F,
OLDOD,Olsynium douglasii var. douglasii,purple-eyed grass,Iridaceae,F,Sisyrinchium douglasii
CAAT25,Castilleja attenuata,attenuate Indian paintbrush,Orobancaceae,F,Orthocarpus attenuatus
ORBR,Orthocarpus bracteosus,bracted owl-clover,Orobancaceae,F,
ORCUC,Orthocarpus cuspidatus ssp. copelandii,Copeland's owl-clover,Orobancaceae,F,Orthocarpus copelandii var. copelandii
ORCUC3,Orthocarpus cuspidatus ssp. cuspidatus,broad-scaled owl-clover,Orobancaceae,F,
ORCUC,Orthocarpus cuspidatus ssp. copelandii,Copeland's owl-clover,Orobancaceae,F,Orthocarpus copelandii var. copelandii
ORFA,Orobanche fasciculata,clustered broomrape,Orobanchaceae,F,
CATE26,Castilleja tenuis,hairy owl clover,Orobancaceae,F,Orthocarpus hispidus
ORIM,Orthocarpus imbricatus,mountain owl-clover,Orobancaceae,F,
ORPI2,Orobanche pinorum,,Orobanchaceae,F,
TRPU16,Tryphysaria pusilla,dwarf owls-clover,Orobancaceae,F,Orthocarpus pusillus
ORSE,Orthelia secunda,one-sided pyrola,Ericaceae,F,Pyrola secunda
ORTHO,Orthocarpus sp.,owls-clover,Orobancaceae,F,
ORUN,Orobanche uniflora,naked broomrape,Orobanchaceae,F,
OSBE,Osmorhiza berteroi,mountain sweet-root,Apiaceae,F,Osmorhiza chilensis
OSBE,Osmorhiza berteroi,mountain sweet-root,Apiaceae,F,Osmorhiza chilensis
OSOC,Osmorhiza occidentalis,western sweet-root,Apiaceae,F,
OXDI,Oxyria digyna,mountain sorrel,Polygonaceae,F,
OXOC,Oxypolis occidentalis,cow bane,Apiaceae,F,
OXOR,Oxalis oregana,redwood sorrel,Oxalidaceae,F,
OXSU,Oxalis sudsdorfii,western yellow oxalis,Oxalidaceae,F,
DIACF,Dichanthelium acuminatum var. fasciulatum,Pacific panicum,Poaceae,GG,Panicum acuminatum 
PABOB,Packera bolanderi var. bolanderi,Bolander's butterweed,Asteraceae,F,Senecio bolanderi
PABR,Paeonia brownii,western peony,Paeoniaceae,F,
PACA15,Pacekera cana,wooly grounsel,Asteraceae,F,Pacekera cana
PACA6,Panicum capillare,witchgrass,Poaceae,GG,
PACA18,Parnassia californica,California grass-of-parnassus,Celastraceae,F,
PAHE11,Packera hespera,Siskiyou butterweed,Asteraceae,F,Senecio hesperius
PAMA35,Packera macounii,Siskiyou Mountain ragwort,Asteraceae,F,Senecio macounii
PAMY,Paxistima myrsinites,Oregon boxwood,Celastraceae,S,
PEAM8,Persicaria amphibia,longroot smartweed,Polygonaceae,F,Polygonum amphibium var. stipulaceum
PEAN2,Pellaea andromedifolia,coffee fern,Pteridaceae,FN,
PEAN3,Penstemon anguineus,Siskiyou penstemon,Plantaginaceae,F,
PEAZ,Penstemon azureus,azure penstemon,Plantaginaceae,F,
PEBO,Perideridia bolanderi,Bolander's yampah,Apiaceae,F,
PEBR2,Pellaea brachyptera,Sierra cliff-brake,Pteridaceae,FN,
PEDA,Penstemon davidsonii,Davidson's penstemon,Plantaginaceae,F,
PEDE,Pedicularis densiflora,Indian warrior,Orobancaceae,F,
PEDE2,Penstemon deustus,hot rock penstemon,Plantaginaceae,F,
PEER3,Perideridia erythrorhiza,red-rooted yampah,Apiaceae,F,
PEFRF,Petasites frigidus var. frigidus,sweet coltsfoot,Asteraceae,F,
PEFRP,Petasites frigidus var. palmatus,western coltsfoot,Asteraceae,F,
PEMO7,Perideridia montana,Gairdner's yampah,Apiaceae,F,Perideridia gairdneri
PEHO5,Perideridia howellii,Howell's false caraway,Apiaceae,F,
PELAS,Penstemon laetus var. sagittatus,gay penstemon,Plantaginaceae,F,
PEMO7,Perideridia montana,Gairdner's yampah,Apiaceae,F,Perideridia gairdneri
PEMUM,Pellaea mucronata ssp. mucronata,Bird's-foot fern,Pteridaceae,FN,
PENST,Penstemon sp.,,Plantaginaceae,F,
PEOR2,Perideridia oregana,Oregon yampah,Apiaceae,F,
PEPU,Pectocarya pusilla,little pectocarya,Boraginaceae,F,
PERA,Pedicularis racemosa,leafy lousewort,Orobancaceae,F,
PERID,Perideridia sp.,yampah,Apiaceae,F,
PERO12,Penstemon roezlii,purple penstemon,Plantaginaceae,F,
PERU,Penstemon rupicola,rock penstemon,Plantaginaceae,F,
PESP,Penstemon speciosus,showy penstemon,Plantaginaceae,F,
PETR7,Pentagramma triangularis,gold-back fern,Pteridaceae,F,
PHAD2,Phlox adsurgens,woodland phlox,Polemoniaceae,F,
PHAL,Phleum alpinum,mountain timothy,Poaceae,GG,
PHAR3,Phalaris arundinacea,reed canarygrass,Poaceae,GG,
PHCA11,Physocarpus capitatus,Pacific ninebark,Rosaceae,S,
PHCH,Phoenicaulis cheiranthoides,dagger-pod,Brassicaceae,F,
PHCO3,Phacelia corymbosa,serpentine phacelia,Boraginaceae,F,
PHDI3,Phlox diffusa,spreading phlox,Polemoniaceae,F,
MIGRG4,Microsteris gracilis var. gracilis,pink annual phlox,Polemoniaceae,F,Phlox gracilis
PHHA,Phacelia hastata,silverleaf phacelia,Boraginaceae,F,
PHHE2,Phacelia heterophylla,varileaf phacelia,Boraginaceae,F,
PHLE4,Philadelphus lewisii,Lewis' mockorange,Hydrangeaceae,S,
PHLI,Phacelia linearis,narrow-leaved phacelia,Boraginacae,F,
PHMU2,Phacelia mutabilis,variable phacelia,Boraginaceae,F,
PHPR3,Phleum pratense,common timothy,Poaceae,GG,
PHRA2,Phacelia ramosissima,branching phacelia,Boraginaceae,F,
PHSP,Phlox speciosa,showy phlox,Polemoniaceae,F,
PHVE3,Phacelia verna,spring phacelia,Boraginaceae,F,
PHVI9,Phorodendron villosum,Pacific mistletoe,Santalaceae,F,
PIAT,Pinus attenuata,knobcone pine,Pinaceae,TC,
PIBR,Picea breweri,Brewer's spruce,Pinaceae,TC,
PICA13,Piperia candida,rein orchid,Orchidaceae,F,
PICA9,Pityopus californicus,California pinefoot,Ericaceae,F,
PICOL,Pinus contorta var. latifolia,lodgepole pine,Pinaceae,TC,
PIEL2,Piperia elegans,elegant piperia,Orchidaceae,F,
PIEN,Picea engelmannii,Engelmann spruce,Pinaceae,TC,
PIJE,Pinus jeffreyi,Jeffrey pine,Pinaceae,TC,
PILA,Pinus lambertiana,sugar pine,Pinaceae,TC,
PILE,Piperia leptopetala,unknown,Orchidaceae,F,
PIMO3,Pinus monticola,western white pine,Pinaceae,TC,
PIPER,Piperia sp.,rein orchid,Orchidaceae,F,
PIPO,Pinus ponderosa,ponderosa pine,Pinaceae,TC,
PITR3,Piperia transversa,rein orchid,Orchidaceae,F,
PIUN,Piperia unalascensis,Alaska reinorchid,Orchidaceae,F,
PIVUM,Pinguicula vulgaris ssp. macroceras,common butterwort,Lentibulariaceae,F,
PLAGIO,Plagiobothrys sp.,popcorn flower,Boraginaceae,F,
PLAU,Plagiobothrys austiniae,Austin's popcornflower,Boraginaceae,F,
PLBR6,Plectritis brachystemum,shortspur seablush,Valerianaceae,F,
PLCI,Plectritis ciliosa,longspur seablush,Valerianaceae,F,
PLHI7,Plagiobothrys hispidulus,sleeping popcornflower,Boraginaceae,F,Plagiobothrys cognatus
PLCO4,Plectritis congesta,rosy cornsalad,Valerianaceae,F,
PLDIL,Platanthera dilatata var. leucostachys,white-flowered bog-orchid,Orchidaceae,F,Platanthera leucostachys
PLECT,Plectritis sp.,plectritis,Valerianaceae,F,
PLFI,Pleuricospora fimbriolata,fimbriate pinesap,Ericaceae,F,
PLFIC,Plagiobothrys figuratus corallicarpus,coral-seeded allocarya,Boraginaceae,F,
PLFU,Plagiobothrys fulvus,fulvous popcornflower,Boraginaceae,F,
PLGL2,Plagiobothrys glyptocarpus,sculptured allocarya,Boraginaceae,F,
PLGR,Plagiobothrys greenei,Greene's popcorn flower,Boraginaceae,F,
PLHI7,Plagiobothrys hispidulus,sleeping popcornflower,Boraginaceae,F,Plagiobothrys cognatus
PLHU2,Platanthera huronensis,green-flowered bog-orchid,Orchidaceae,F,Platanthera hyperborea
PLHU2,Platanthera huronensis,green-flowered bog-orchid,Orchidaceae,F,Platanthera hyperborea
PLLA,Plantago lanceolata,English plantain,Plantaginaceae,F,
PLDIL,Platanthera dilatata var. leucostachys,white-flowered bog-orchid,Orchidaceae,F,Platanthera leucostachys
PLMA,Plantago major,broadleaf plantain,Plantaginaceae,F,
PLMA4,Plectritis macrocera,desert plectritis,Valerianaceae,F,
PLNO,Plagiobothrys nothofulvus,rusty popcorn flower,Boraginaceae,F,
PLRE,Pleuropogon refractus,nodding semaphore,Poaceae,GG,
PLSH,Plagiobothrys shastensis,Shasta popcornflower,Boraginaceae,F,
PLSP2,Platanthera sparsiflora,sparse-flowered bog-orchid,Orchidaceae,F,
PLST,Platanthera stricta,slender bog-orchid,Orchidaceae,F,
PLTE,Plagiobothrys tenellus,slender popcorn flower,Boraginaceae,F,
PEAM8,Persicaria amphibia,longroot smartweed,Polygonaceae,F,Polygonum amphibium var. stipulaceum
POAN,Poa annua,annual bluegrass,Poaceae,GG,
POAV,Polygonum aviculare,yard knotweed,Polygonaceae,F,
POTR15,Populus trichocarpa,black cottonwood,Salicaceae,TB,Populus balsamifera ssp. trichocarpa
BIBI?,Bistorta bistortoides,American knotweed,Polygonaceae,F,Polygonum bistortoides
POBU,Poa bulbosa,bulbous bluegrass,Poaceae,GG,
POCA25,Polystichum califoricum,California sword fern,Dryopteridaceae,FN,
POCA4,Polemonium carneum,great or salmon polemonium,Polemoniaceae,F,
POCA5,Polygala californica,California milkwort,Polygalaceae,F,
POCA7,Polygonum californicum,California knotweed,Polygonaceae,F,
POCOC,Polygonum polygaloides ssp. confertiflorum,fruitleaf knotweed,Polygonaceae,F,Polygonum confertiflorum
POCOC,Polygonum polygaloides ssp. confertiflorum,fruitleaf knotweed,Polygonaceae,F,Polygonum confertiflorum
PODO4,Polygonum douglasii,Douglas's knotweed,Polygonaceae,F,
POFEL,Poa fendleriana ssp. longiligula,longtongue mutton grass,Poaceae,GG,
POGL8,Polypodium glycyrrhiza,licorice fern,Polypodiaceae,FN,
DRGL7,Drymocallis glandulosa var. glandulosa,sticky cinquefoil,Rosaceae,F,Potentilla glandulosa ssp. glandulosa
DRRH?,Drymocallis rhomboidea,sticky cinquefoil,Rosaceae,F,Potentilla glandulosa globosa
POGR9,Potentilla gracilis,northwest cinquefoil,Rosaceae,F,
POHE3,Polypodium hesperium,Columbia fern,Polypodiaceae,FN,
POHO6,Poa howellii,annual poa,Poaceae,GG,
POIM,Polystichum imbricans,imbricate sword fern,Dryopteridaceae,FN,
POLE5,Polystichum lemmonii,Shasta fern,Dryopteridaceae,FN,
POMU,Polystichum munitum,sword fern,Dryopteridaceae,FN,
POOC?,Poteridium occidentale,western  burnet,Rosaceae,F,Sanguisorba occidentalis
POPA2,Poa palustris,fowl bluegrass,Poaceae,GG,
ACPH2,Aconogonon phytolaccifolium,poke knotweed,Polygonaceae,F,Polygonum phytolaccifolium
POPI2,Poa piperi,Piper's bluegrass,Poaceae,GG,
POPR,Poa pratensis,Kentucky bluegrass,Poaceae,GG,
POPU3,Polemonium pulcherrimum,showy polemonium,Polemoniaceae,F,
PORH,Poa rhizomata,rhizome bluegrass,Poaceae,GG,
POSE,Poa secunda,one-sided bluegrass,Poaceae,GG,Poa sandbergii
POSAP?,Poterium sanguisorba var. polygamum,garden burnet,Rosaceae,F,Sanguisorba minor ssp. muricata
POSC4,Polypodium scouleri,leather-leaf fern,Polypodiaceae,FN,
POSE,Poa secunda,one-sided bluegrass,Poaceae,GG,
POTR2,Poa trivialis,rough bluegrass,Poaceae,GG,
POTR15,Populus trichocarpa,black cottonwood,Salicaceae,TB,Populus balsamifera ssp. trichocarpa
POTR5,Populus tremuloides,quaking aspen,Salicaceae,TB,
POWH2,Poa wheelleri,Wheeler's bluegrass,Poaceae,GG,
PREM,Prunus emarginata,bittercherry,Rosaceae,S,
PRHO2,Prosartes hookeri,Oregon fairybell,Liliaceae,F,Disporum hookeri
PRSM,Prosartes smithii,Smith's fairbell,Liliaceae,F,Disporum smithii
PRSU2,Prunus subcordata,Klamath plum,Rosaceae,S,
PRUNUS,Prunus sp.,,Rosaceae,S,
PRVID,Prunus virginiana var. demissa,western choke-cherry,Rosaceae,S,
PRVU,Prunella vulgaris,self-heal,Laminaceae,F,
PSJA2,Pseudostellaria jamesiana,sticky chickweed,Caryophyllaceae,F,
PSME,Pseudotsuga menziesii,Douglas-fir,Pinaceae,TC,
PSOR,Psilocarphus oregonus,Oregon woolyheads,Asteraceae,F,
PSSPS,Pseudoegneria spicata ssp. spicata,bluebunch wheatgrass,Poaceae,GG,
PSTH?,Pseudognaphalium thermale,slender cudweed,Asteraceae,F,Gnaphalium canescens ssp. thermale
PSTR?,Pseudotrillium rivale,Oregon trillium,Melanthiaceae,F,Trillium rivale
PTAN2,Pterospora andromedea,woodland pinedrops,Ericaceae,F,
PTAQ,Pteridium aquilinum,bracken fern,Dennstaedtiaceae,FN,
TOPAP3,Torreyochloa pallida var. pauciflora,pale false mannagrass,Poaceae,GG,Puccinellia pauciflora
PUTR2,Purshia tridentata,bitterbrush,Rosaceae,S,
PYPI2,Pyrola picta,leafless pyrola,Ericaceae,F,Pyrola aphylla
PYAS,Pyrola asarifolia,wintergreen,Ericaceae,F,
PYCO,Pyrus communis,common pear,Rosaceae,TB,
PYDE,Pyrola dentata,toothleaf pyrola,Ericaceae,F,
PYPI2,Pyrola picta,whitevein pyrola,Ericaceae,F,
ORSE,Orthelia secunda,one-sided pyrola,Ericaceae,F,Pyrola secunda
QUCH2,Quercus chrysolepis,canyon live oak,Fagaceae,TB,
QUGA4,Quercus garryana,Oregon white oak,Fagaceae,TB,
QUGAB,Quercus garryana var. breweri,Brewer's oak,Fagaceae,TB,
QUKE,Quercus kelloggii,California black oak,Fagaceae,TB,
QUSA2,Quercus sadleriana,Sadler or deer oak,Fagaceae,S,
QUVA,Quercus vaccinifolia,huckleberry oak,Fagaceae,S,
RAAL,Ranunculus alismifolius,plantain-leaved buttercup,Ranunculaceae,F,
RAAQ,Ranunculus aquatilis,water buttercup,Ranunculaceae,F,
RAAR,Raillardella argentea,silky raillardella,Asteraceae,F,
RAAU,Ranunculus austro-oregannus,Southern Oregon buttercup,Ranunculaceae,F,
RACA,Rafinesquia californica,California plumseed,Asteraceae,F,
RAFL2,Ranunculus flammula,greater creeping spearwort,Ranunculaceae,F,
RAHE,Ranunculus hebecarpus,downy buttercup,Ranunculaceae,F,
RAMU2,Ranunculus muricatus,prickleseed buttercup,Ranunculaceae,F,
RANUN,Ranunculus sp.,buttercup,Ranunculaceae,F,
RAOC,Ranunculus occidentalis,western buttercup,Ranunculaceae,F,
RAOR3,Ranunculus orthorhynchus,straightbeak buttercup,Ranumculaceae,F,
RARE3,Ranunculus repens,creeping buttercup,Ranunculaceae,F,
RASC2,Raillardella scaposa,green-leaved raillardella,Asteraceae,F,
RAUN,Ranunculus uncinatus,woodland buttercup,Ranunculaceae,F,
RHCA,Rhamnus californica,coffeeberry,Rhamnaceae,S,
RHCO18,Rhododendron columbianum,western Labrador tea,Ericaceae,S,Ledum glandulosum
RHIL,Rhamnus ilicifolia,redberry,Rhamnaceae,S,
RHMA3,Rhododendron macrophyllum,Pacific rhododendron,Ericaceae,S,
RHOC,Rhododendron occidentale,western azalea,Ericaceae,S,
RHPU,Rhamnus purshiana,cascara,Rhamnaceae,TB,
RHTR,Rhus trilobata,lemonade berry,Anacardiaceae,S,
RIBI,Ribes binominatum,Siskiyou gooseberry,Grossulariaceae,S,
RIBR,Ribes bracteosum,stink currant,Grossulariaceae,S,
RICE,Ribes cereum,squaw currant,Grossulariaceae,S,
RIINK,Ribes inerme var. klamathense,Klamath gooseberry,Grossulariaceae,S,
RILA,Ribes lacustre,swamp gooseberry,Grossulariaceae,S,
RILE2,Rigiopappus leptocladus,wireweed,Asteraceae,F,
RILO,Ribes lobbii,gummy gooseberry,Grossulariaceae,S,
RIMA2,Ribes marshallii,Marshall's gooseberry,Grossulariaceae,S,
RIROC,Ribes roezlii  var. cruentum,shineyleaf gooseberry,Grossulariaceae,S,
RISA,Ribes sanguineum,red current,Grossulariaceae,S,
RIVE,Ribes velutinum,desert goosberry,Grossulariaceae,S,
RIVI3,Ribes viscosissimum,sticky current,Grossulariaceae,S,
ROYA,Rosa yainacensis,dwarf rose,Rosaceae,S,Rosa bridgesii 
ROCA2,Rosa californica,California rose,Rosaceae,S,
ROCA3,Rosa canina,dog rose,Rosaceae,S,
ROCA6,Romanzoffia californica,California romanzoffia,Boraginaceae,F,
ROCU,Rorippa curvisiliqua,curvepod yellowcress,Brassicaceae,F,
ROEG,Rosa eglanteria,sweetbriar rose,Rosaceae,S,
ROGY,Rosa gymnocarpa,little wood rose,Rosaceae,S,
NAOF,Nasturtium officinale,watercress,Brassicaceae,F,Rorippa nasturtium-aquaticum
RONU,Rosa nutkana,nutka rose,Rosaceae,S,
ROPI2,Rosa pisocarpa,cluster rose,Rosaceae,S,
ROSI,Romanzoffia sitchensis,Sitka romanzoffia,Boraginaceae,F,
ROSP3,Rosa spithamea ,dwarf rose,Rosaceae,S,
ROTH,Romanzoffia thompsonii ,Thompson's mistmaiden,Boraginaceae,F,
ROYA,Rosa yainacensis,dwarf rose,Rosaceae,S,Rosa bridgesii 
RUAC3,Rumex acetosella,sheep sorrel,Polygonaceae,F,
RUBI,Rubus bifrons,Himalaya blackberry,Rosaceae,S,Rubus armeniacus
RUBI,Rubus bifrons,Himalaya blackberry,Rosaceae,S,Rubus armeniacus
RUGL7,Rudbeckia glaucescens,California cone flower,Asteraceae,F,Rudbeckia californica
RUCR,Rumex crispus,curly dock,Polygonaceae,F,
RUGL7,Rudbeckia glaucescens,California cone flower,Asteraceae,F,Rudbeckia californica
RUGL,Rubus glaucifolius,San Diego raspberry,Rosaceae,S,
RULA,Rubus laciniatus,evergreen blackberry,Rosaceae,S,
RULA2,Rubus lasiococcus,dwarf bramble,Rosaceae,S,
RULE,Rubus leucodermis,black raspberry,Rosaceae,S,
RUNI2,Rubus nivalis,snow bramble,Rosaceae,S,
RUOC2,Rudbeckia occidentalis,black-headed cone flower,Asteraceae,F,
RUOC3,Rumex occidentalis,western dock,Polygonaceae,F,
RUPA,Rubus parviflorus,thimbleberry,Rosaceae,S,
RUPH3,Rupertia physodes,forest scurfpea,Fabaceae,F,
RUSA,Rumex salicifolius,willow dock,Polygonaceae,F,
RUSP,Rubus spectabilis,salmon berry,Rosaceae,S,
RUUR,Rubus ursinus,"Pacific blackberry" or "dewberry",Rosaceae,S,
MIOD2,Micranthes odontoloma,mountain meadow saxifrage,Saxifragaceae,F,Saxifraga arguta
SABI3,Sanicula bipinnatifida,purple sanicle,Apiaceae,F,
SACR2,Sanicula crassicaulis ,Pacific snakeroot,Apiaceae,F,
SADE2,Salix delnortensis,Del Norte willow,Salicaceae,S,
SADO5,Satureja douglasii,yerba buena,Laminaceae,F,
SAEX,Salix exigua,coyote willow,Salixaceae,S,
SAFR5,Saxifragopsis fragarioides,strawberry saxifrage,Saxifragaceae,F,
SAGR5,Sanicula graveolens,Sierra snakeroot,Apiaceae,F,
MIHO?,Micranthes howellii,Howell's saxifrage,Saxifragaceae,F,Saxifraga howellii
MIIN?,Micranthes integrifolia,northwestern saxifrage,Saxifragaceae,F,Saxifraga integrifolia
SALA6,Salix lasiolepis,arroyo willow,Salicaceae,S,
SALA5,Salix lasiandra var. lasiandra,shining willow,Salicaceae,TB,Salix lucida ssp. lasiandra
SALIX,Salix sp.,willow,Salicaceae,S,
SALA5,Salix lasiandra var. lasiandra,shining willow,Salicaceae,TB,Salix lucida ssp. lasiandra
MIMA?,Micranthes marshallii,Marshall's saxifrage,Saxifragaceae,F,Saxifraga marshallii
SAME5,Sambucus mexicana ,blue elderberry,Adoxaceae,S,
SAME7,Saxifraga mertensiana,wood saxifrage,Saxifragaceae,F,
SAOF3,Sanguisorba officinalis,official burnet,Rosaceae,F,Sanguisorba microcephala
POSAP?,Poterium sanguisorba var. polygamum,garden burnet,Rosaceae,F,Sanguisorba minor ssp. muricata
POOC?,Poteridium occidentale,western  burnet,Rosaceae,F,Sanguisorba occidentalis
SAOF3,Sanguisorba officinalis,official burnet,Rosaceae,F,
MIOR2,Micranthes oregana,Oregon saxifrage,Saxifragaceae,F,Saxifraga oregana
SAPE7,Sanicula peckiana,Peck's snakeroot,Apiaceae,F,
SARA2,Sambucus racemosa,red elderberry,Adoxaceae,S,
SASA,Sagina saginoides,arctic pearlwort,Caryophyllaceae,F,
SASA5,Sarcodes sanguinea,snow plant,Ericaceae,F,
SASC,Salix scouleriana,Scouler's willow,Salicaceae,TB,
SASI2,Salix sitchensis,Sitka willow,Salixaceae,S,
SCACO2,Schoenoplectus acutus var. occidentalis,tule,Cyperaceae,GS,Scirpus acutus
SCAM6,Schoenoplectus americanus,three-square bulrush,Cyperaceae,GS,Scirpus americanus
SCAN2,Scleranthus annuus,German knotgrass,Caryophyllaceae,F,
SCAN4,Scutellaria antirrhinoides,narrowleaf skullcap,Laminaceae,F,
SCAR7,Schedonorus arundinaceus,tall fescue,Poaceae,GG,Festuca arundinacea
SCBO,Scribneria bolanderi,Scribner's grass,Poaceae,GG,
SCCO,Scirpus congdonii,Congdon's bulrush,Cyperaceae,GS,
BOFL3,Bolboschoenus fluviatilis,river bulrush,Cyperaceae,GS,Scirpus fluviatilis
SCHA2,Scoliopus hallii,Oregon fetid addertongue,Liliaceae,F,
SCIRP,Scirpus sp.,bulrush,Cyperaceae,GS,
SCLA,Scrophularia lanceolata,figwort,Scrophulariaceae,F,
SCMI2,Scirpus microcarpus,small-fruited bulrush,Cyperaceae,GS,
SCMU?,Sceptridium multifidum,meadow moonwort,Ophioglossaceae,FN,Botrychium multifidum
SCPE4,Scirpus pendulus,drooping bulrush,Cyperaceae,GS,
SCPR4,Schedonerus pratensis,meadow fescue,Poaceae,GG,Festuca pratensis
SCSI6,Scutellaria siphocampyloides,greyleaf scullcap,Lamiaceae,F,
SCTU2,Scutellaria tuberosa,Danny's skullcap,Laminaceae,F,
PABOB,Packera bolanderi var. bolanderi,Bolander's butterweed,Asteraceae,F,Senecio bolanderi
PACA15,Pacekera cana,wooly grounsel,Asteraceae,F,Pacekera cana
PAHE11,Packera hespera,Siskiyou butterweed,Asteraceae,F,Senecio hesperius
SEIN2,Senecio integerrimus,western butterweed,Asteraceae,F,
SEJA,Senecio jacobaea,tansy ragwort,Asteraceae,F,
SELA,Sedum lanceolatum,lance leaved sedum,Crassulaceae,F,
SELAH,Sedum laxum ssp. heckneri,Heckner's stonecrop,Crassulaceae,F,
SELAL2,Sedum laxum ssp. laxum,rosy siskiyou stonecrop,Crassulaceae,F,
PAMA35,Packera macounii,Siskiyou Mountain ragwort,Asteraceae,F,Senecio macounii
SEMO5,Sedum moranii,Rogue River stonecrop,Crassulaceae,F,
SEOBR,Sedum obtusatum ssp. retusum,obtuse stonecrop,Crassulaceae,F,
SEOB3,Sedum oblanceolatum,Applegate stonecrop,Crassulaceae,F,
SEOR6,Sericocarpus oregonensis,Oregon aster,Asteraceae,F,Aster oregonensis
SEOR,Sedum oreganum,Oregon stonecrop,Crassulaceae,F,
SEOR2,Sedum oregonense,creamy stonecrop,Crassulaceae,F,
SESTC,Sedum stenopetalum ssp. ciliosum,Coast Range stonecrop,Crassulaceae,F,Sedum radiatum ssp. ciliosum
SERAD,Sedum radiatum ssp. depauperatum,depauperate stonecrop,Crassulaceae,F,
SESP,Sedum spathulifolium,spatula-leaf stonecrop,Crassulaceae,F,
SESTS2,Sedum stenopetalum ssp. stenopetalum,narrow-leaved stonecrop,Crassulaceae,F,
SESTC,Sedum stenopetalum ssp. ciliosum,Coast Range stonecrop,Crassulaceae,F,Sedum radiatum ssp. ciliosum
SESY,Senecio sylvaticus,wood groundsel,Asteraceae,F,
SETR,Senecio triangularis,arrowleaf butterweed,Asteraceae,F,
SEVU,Senecio vulgaris,groundsel,Asteraceae,F,
SEWA,Selaginella wallacei,Wallace's spikemoss,Selaginellaceae,FN,
SHAR2,Sherardia arvensis,blue field madder,Rubiaceae,F,
SIAL2,Sisymbrium altissimum,tumbling mustard,Brassicaceae,F,
SIBE,Sisyrinchium bellum,California blue-eyed grass,Iridaceae,F,
SICAG,Silene campanulata ssp. glandulosa,gland catchfly,Caryophyllaceae,F,
SIDAL,Sidalcea sp.,catchfly,Malvaceae,F,
OLDOD,Olsynium douglasii var. douglasii,purple-eyed grass,Iridaceae,F,Sisyrinchium douglasii
SIHO,Silene hookeri,Hooker's Indian pink,Caryophyllaceae,F,
SIHOB,Silene hookeri ssp. bolanderi,,Caryophyllaceae,F,
SIID,Sisyrinchium idahoense,Idaho blue-eyed grass,Iridaceae,F,
SIMA2,Sidalcea malviflora,mallow sidalcea,Malvaceae,F,
SIMAA,Sidalcea malviflora ssp. asprella,Del Norte checkerbloom,Malvaceae,F,
SIORS,Sidalcea oregana ssp. spicata,Oregon checkermallow,Malvaceae,F,
SMCA2,Smilax californica,California smilax,Smilacaceae,V,
MARA7,Maianthemum racemosum,western false Solomon's seal,Liliaceae,F,
MAST4,Maianthemum stellatum,starry false Solomon's seal,Liliaceae,F,
SOAS,Sonchus asper,prickly sow thistle,Asteraceae,F,
SOEL4,Solidago elongata,meadow goldenrod,Asteraceae,F,Solidago canadensis
SODU,Solanum dulcamara,climbing nightshade,Solanaceae,F,
SOEL4,Solidago elongata,meadow goldenrod,Asteraceae,F,Solidago canadensis
SOLE3,Sophora leachiana,western sophora,Fabaceae,F,
SOOL,Sonchus oleraceus,common sow thistle,Asteraceae,F,
SOPA,Solanum parishii,Parish's nightshade,Solanaceae,V,
SOSI2,Sorbus sitchensis,Sitka mountain-ash,Rosaceae,S,
SOVE6,Solidago velutina,threenerve goldenrod,Asteraceae,F,
SPDO,Spiraea douglasii,Douglas' spirea,Rosaceae,S,
SPPO7,Spiranthes porrifolia,western ladies tresses,Orchidaceae,F,
SPRU,Spergularia rubra,purple sand spurry,Caryophyllaceae,F,
SPSP2,Spiraea splendens,rose meadowsweet,Rosaceae,S,
STACH,Stachys sp.,Hedge nettle,Lamiaceae,F,
STRI,Stachys rigida,rigid hedge-nettle,Laminaceae,F,Stachys ajugoides var. rigida
STAM2,Streptopus amplexifolius,clasping-leaf twisted-stalk,Liliaceae,F,
STBU,Stachys bullata,California hedge nettle,Lamiaceae,F,
STCO14,Stachys cooleyae,Cooley's hedge nettle,Lamiaceae,F,
STCR2,Stellaria crispa,curled starwort,Caryophyllaceae,F,
STELL,Stellaria sp.,chickweed,Caryophyllaceae,F,
STEPH,Stephanomeria sp.,stephanomeria,Asteraceae,F,
STHO,Streptanthus howellii,Howell's jewelflower,Brassicaceae,F,
STME2,Stellaria media,common chickweed,Caryophyllaceae,F,
STNI,Stellaria nitens,shinning chickweed,Caryophyllaceae,F,
ANOC3,Anticlea occidentale,western stenanthium,Melanthiaceae,F,Stenanthium occidentale
STRI,Stachys rigida,rigid hedge-nettle,Laminaceae,F,Stachys ajugoides var. rigida
STTO3,Streptanthus tortuosus,mountain jewel flower,Brassicaceae,F,
STVIP,Stephanomeria virgata ssp. pleurocarpa,tall stephanomeria,Asteraceae,F,
FRALN,Frasera albicaulis var. nitida,whitestem frasera,Gentianaceae,F,Swertia albicaulis var. nitida
SYAL,Symphoricarpos albus,common snowberry,Caprifoliaceae,S,
SYMO,Symphoricarpos mollis ,creeping snowberry,Caprifoliaceae,S,
SYRE,Synthyris reniformis,heartleaf snowqueen,Plantaginaceae,F,
SYSP,Symphyotrichum spathulatum,western mountain aster,Asteraceae,F,Aster occidentalis
TABR2,Taxus brevifolia,Pacific yew,Taxaceae,F,
TACA8,Taeniatherum caput-medusae,medusahead,Poaceae,GG,
TAGL,Tauschia glauca,glaucous tauschia,Apiaceae,F,
TAOF,Taraxacum officinale,dandelion,Asteraceae,F,
TEGR2,Tellima grandiflora,Alaska fringecup,Saxifragaceae,F,
TEGR?,Tetrapteron graciliflora,hill sun cup,Onagraceae,F,Camissonia graciliflora
THAR5,Thlaspi arvense,field pennycress,Brassicaceae,F,
THCU,Thysanocarpus curvipes,lace pod,Brassicaceae,F,
THERMO,Thermopsis sp.,,Fabaceae,F,
NOFEG,Noccaea fendleri ssp. glauca,Fendler's pennycress,Brassicaceae,F,Thlaspi fendleri/montanum
THGR6,Thermopsis gracilis,mountain thermopsis,Fabaceae,F,
THIN6,Thinopyrum intermedium ,intermediate wheatgrass,Poaceae,GG,Elytrigia intermedia
THGR6,Thermopsis gracilis,mountain thermopsis,Fabaceae,F,Thermopsis macrophylla var. venosa
NOFES,Noccaea fendleri ssp. siskiyouense,Siskiyou Mountain pennycress,Brassicaceae,F,Thlaspi montanum var. siskiyouense
THOC,Thalictrum occidentale,western meadowrue,Ranunculaceae,F,
THPL,Thuja plicata,western red cedar,Cupressaceae,TC,
THRA,Thysanocarpus radians,large fringe pod,Brassicaceae,F,
THSP,Thalictrum sparsflorum,few-flowered meadowrue,Ranunculaceae,F,
TITRT,Tiarella trifoliata var. trifoliata,trefoil foamflower,Saxifragaceae,F,
TITRU,Tiarella trifoliata var. unifoliata,coolwort foamflower,Saxifragaceae,F,
TOAR,Torilis arvensis,field hedge-parsley,Apiaceae,F,
TODI,Toxicodendron diversilobum,poison oak,Anacardiaceae,S,
TOEX?,Toxicoscordion exaltatum,giant deathcamas,Melanthiaceae,F,Zigadenus  exaltatus
TOFR?,Toxicoscordion fremontii,Fremont's deathcamas,Melanthiaceae,F,Zigadenus fremontii
TRGL5,Triantha glutinosa,western tofieldia,Tofieldiaceae,F,Tofieldia glutinosa
TOME,Tolmiea menziesii,bristle flower,Saxifragaceae,F,
TOMI?,Toxicoscordion micranthum,smallflower deathcamas,Melanthiaceae,F,Zigadenus micranthus
TONO,Torilis nodosa,unknown,Apiaceae,F,
TOPA?,Toxicoscordion paniculatum,foothill death camas,Melanthiaceae,F,Zigadenus paniculatus
TOPAP3,Torreyochloa pallida var. pauciflora,pale false mannagrass,Poaceae,GG,Puccinellia pauciflora
TOTE,Tonella tenella,small-flowered tonella,Plantaginaceae,F,
TOVE?,Toxicoscordion venenosum,death camas,Melanthiaceae,F,Zigadenus venenosus
TRAE,Triticum aestivum,wheat,Poaceae,GG,
TRAL4,Trillium albidum,sessile trillium,Melanthiaceae,F,
TRAL5,Trifolium albopurpureum,rancheria clover,Fabaceae,F,
TRAR4,Trifolium arvense,,Fabaceae,F,
TRBA,Trifolium barbigerum,bearded clover,Fabaceae,F,
TRBI2,Triodanis biflora,Venus' looking glass,Campanulaceae,F,
TRBR3,Trifolium breweri,forest clover,Fabaceae,F,
TRBR7,Triteleia bridgesii,Bridge's brodiaea,Asparagaceae,F,
TRCA21,Trisetum canescens,tall trisetum,Poaceae,GG,
TRCE2,Trisetum cernuum,nodding trisetum,Poaceae,GG,
TRCH2,Trillium chloropetalum,giant trillium,Melanthiaceae,F,
TRCI,Trifolium ciliolatum,tree clover,Fabaceae,F,
TRCR7,Triteleia crocea,yellow triteleia,Asparagaceae,F,
TRCY,Trifolium cyathiferum,bowl clover,Fabaceae,F,
TRDE,Trifolium depauperatum,poverty clover,Fabaceae,,
TRDU,Tragopogon dubius,yellow salsify,Asteraceae,F,
TRDU2,Trifolium dubium,"little hop clover" or "shamrock",Fabaceae,F,
TRER2,Trifolium eriocephalum,woolyhead clover,Fabaceae,F,
TRGL5,Triantha glutinosa,western tofieldia,Tofieldiaceae,F,Tofieldia glutinosa
TRHE,Triteleia hendersonii,Henderson's triteleia,Asparagaceae,F,
TRHEL,Triteleia hendersonii ssp. leachiae,Leach's tritelia,Asparagaceae,F,
TRHI4,Trifolium hirtum,,Fabaceae,F,
TRHO,Trifolium howellii,Howell's clover,Fabaceae,F,
TRHY3,Triteleia hyacinthina,white hyacinth,Asparagaceae,F,
TRIFO,Trifolium sp. ,clover,Fabaceae,F,
TRIN3,Trifolium incarnatum,crimson clover,Fabaceae,F,
TRLA6,Trientalis latifolia,western starflower,Primulaceae,F,
TRLA4,Trichostema lanceolatum,vinegarweed,Lamiaceae,F,
TRLO,Trifolium longipes,long-stalked clover,Fabaceae,F,
TRMA3,Trifolium macrocephalum,large headed clover,Fabaceae,F,
TRMI4,Trifolium microcephalum,maiden clover,Fabaceae,F,
TRMO2,Trifolium monanthum,mountain carpet clover,Fabaceae,F,
TROB,Trichostema oblongum,oblong bluecurls,Lamiaceae,F,
TROV2,Trillium ovatum,western wake-robin,Melanthiaceae,F,
TRPE4,Triodanis perfoliata,cupped venus looking glass,Campanulaceae,F,
TRPO,Tragopogon porrifolius,"purple salsify" or "oyster plant",Asteraceae,F,
TRPR2,Trifolium pratense,red clover,Fabaceae,F,
TRPU16,Tryphysaria pusilla,dwarf owls-clover,Orobancaceae,F,
TRRE3,Trifolium repens,white lawn clover,Fabaceae,F,
PSTR?,Pseudotrillium rivale,Oregon trillium,Melanthiaceae,F,Trillium rivale
TRSP2,Trisetum spicatum,spike trisetum,Poaceae,GG,
TRSU3,Trifolium subterraneum,subterranean clover,Fabaceae,F,
TRVA,Trifolium variegatum,white-topped clover,Fabaceae,F,
TRWI3,Trifolium willdenovii,tomcat clover,Fabaceae,F,
TRWO,Trifolium wormskioldii,cow clover,Fabaceae,F,
TSHE,Tsuga heterophylla,western hemlock,Pinaceae,TC,
TSME,Tsuga mertensiana,mountain hemlock,Pinaceae,TC,
TUGL,Turritis glabra,tower mustard,Brassicaceae,F,Arabis glabra
TYLA,Typha latifolia,common cattail,Typhaceae,F,
UMCA,Umbellularia californica,"California laurel" or "myrtlewood",Lauraceae,TB,
URDIG,Urtica dioica ssp. gracillis,American stinging nettle,Urticaceae,F,
URLI,Uropappus lindleyi,silver puffs,Asteraceae,F,
VAACP,Valeriana acutiloba var. pubicarpa,downy-fruited valerian,Valerianaceae,F,Valeriana capitata ssp. pubicarpa
VAACP,Valeriana acutiloba var. pubicarpa,downy-fruited valerian,Valerianaceae,F,Valeriana capitata ssp. pubicarpa
VACH2,Vancouveria chrysantha,yellow inside-out flower,Berberidaceae,F,
VAME,Vaccinium membranaceum,Siskiyou huckleberry,Ericaceae,S,Vaccinium coccineum
VAHE,Vancouveria hexandra,white inside-out flower,Berberidaceae,F,
VALO,Valerianella locusta,corn salad,Valerianaceae,F,
VAME,Vaccinium membranaceum,thin-leaved huckleberry,Ericaceae,S,
VAOV2,Vaccinium ovatum,evergreen huckleberry,Ericaceae,S,
VAPA,Vaccinium parvifolium,red huckleberry,Ericaceae,S,
VAPL,Vancouveria planipetala,small-flowered inside-out,Berberidaceae,F,
VASC,Vaccinium scoparium,grouseberry,Ericaceae,S,
VASI,Valeriana sitchensis,northern valerian,Valerianaceae,F,
VEAM2,Veronica americana,American brooklime,Plantaginaceae,F,
VEAN2,Veronica anagallis-aquatica,water speedwell,Plantaginaceae,F,
VEBL,Verbascum blattaria,moth mullein,Scrophulariaceae,F,
VECA2,Veratrum californicum,California false hellebore,Melanthiaceae,F,
VEDU,Ventenata dubia,unknown,Poaceae,GG,
VEIN,Veratrum insolitum,Siskiyou false hellebore,Melanthiaceae,F,
VELA,Verbena lasiostachys,western verbena,Verbenaceae,F,
VEPE3,Veronica persica,winter speedwell,Plantaginaceae,F,
VEPEX2,Veronica peregrina var. xalapensis,speedwell,Plantaginaceae,F,
VERAT,Veratrum sp.,false hellebore,Melanthiaceae,F,
VESC2,Veronica scutellata,skullcap speedwell,Plantaginaceae,F,
VETH,Verbascum thapsus,common mullein,Scrophulariaceae,F,
VEVI,Veratrum viride,American false hellebore,Melanthiaceae,F,
VEWO2,Veronica wormskjoldii,alpine brooklime,Plantaginaceae,F,
VIAD,Viola adunca,early blue violet,Violaceae,F,
VIAM,Vicia americana,American vetch,Fabaceae,F,
VIBA2,Viola bakeri,Baker's violet,Violaceae,F,
VICA5,Vitis californica,wild grape,Vitaceae,V,
VICR,Vicia cracca,cow vetch,Fabaceae,F,
VICU2,Viola cuneata,wedgeleaf violet,Violaceae,F,
VIDO,Viola douglasii,Douglas's violet,Violaceae,F,
VIEL,Viburnum ellipticum,oval-leaved viburnum,Adoxaceae,F,
VINIG,Vicia nigricans var. gigantea,giant vetch,Fabaceae,F,Vicia gigantea
VIGL,Viola glabella,stream violet,Violaceae,F,
VIHA,Viola hallii,Hall's violet,Violaceae,F,
VIHO,Viola howellii,Howell's violet,Violaceae,F,
VILOI2,Viola lobata ssp. integrifolia,deltoid violet,Violaceae,F,
VILOL2,Viola lobata ssp. lobata,pine violet,Violaceae,F,
VIMA,Vinca major,periwinkle,Apocynaceae,V,
VINIG,Vicia nigricans var. gigantea,giant vetch,Fabaceae,F,Vicia gigantea
VIBA2,Viola bakeri,Baker's violet,Violaceae,F,Viola nuttallii
VIOC,Viola ocellata,two-eyed violet,Violaceae,F,
VIOLA,Viola sp.,violet species,Violaceae,F,
VIOR,Viola orbiculata,round-leaved violet,Violaceae,F,
VIPA4,Viola palustris,blue-runner violet,Violaceae,F,
VIPRL,Viola praemorsa ssp. linguifolia,upland yellow violet,Violaceae,F,
VIPRO2,Viola primulifolia ssp. occidentalis,western bog violet,Violaceae,F,
VIPU4,Viola purpurea,goosefoot violet,Violaceae,F,
VISA,Vicia sativa,Spring vetch,Fabaceae,F,
VISE3,Viola sempervirens,redwoods violet,Violaceae,F,
VISH,Viola sheltonii,Shelton's violet,Violaceae,F,
VIVI,Vicia villosa,annual cow vetch,Fabaceae,F,
VUBR,Vulpia bromoides,six-weeks fescue,Poaceae,GG,
VUMI,Vulpia microstachys,Nuttall's fescue,Poaceae,GG,
VUMY,Vulpia myuros,rattail fescue,Poaceae,GG,
WHMO,Whipplea modesta,whipplevine,Hydrangeaceae,F,
WOFI,Woodwardia fimbriata,giant chain-fern,Blechnaceae,FN,
WOOR,Woodsia oregana,Oregon cliff fern,Woodsiaceae,FN,
WOSC,Woodsia scopulina,rocky mountain woodsia,Woodsiaceae,FN,
WYAN,Wyethia angustifolia,narrowleaf mule ears,Asteraceae,F,
XETE,Xerophyllum tenax,common beargrass,Melanthiaceae,F,
YAMI,Yabea microcarpa,western hedge-parsley,Apiaceae,F,
ZEMU?,Zeltnera muehlenbergii,Muehlenberg's centaury,Gentianaceae,F,Centaurium muehlenbergii
TOEX?,Toxicoscordion exaltatum,giant deathcamas,Melanthiaceae,F,Zigadenus  exaltatus
TOFR?,Toxicoscordion fremontii,Fremont's deathcamas,Melanthiaceae,F,Zigadenus fremontii
TOMI?,Toxicoscordion micranthum,smallflower deathcamas,Melanthiaceae,F,Zigadenus micranthus
TOPA?,Toxicoscordion paniculatum,foothill death camas,Melanthiaceae,F,Zigadenus paniculatus
TOVE?,Toxicoscordion venenosum,death camas,Melanthiaceae,F,Zigadenus venenosus
